,0,text,polarity,subjectivity,sentiment,tokenized,nonstop,stemmed
0,"@F1TalkingPoints If Alpha Tauri is so openly for sale, why wouldn‚Äôt Andretti z buy it, given they‚Äôre so desperate to get into F1?",ftalkingpoints if alpha tauri is so openly for sale why wouldn‚Äôt andretti z buy it given they‚Äôre so desperate to get into f,-0.3,0.75,negative,"['ftalkingpoints', 'if', 'alpha', 'tauri', 'is', 'so', 'openly', 'for', 'sale', 'why', 'wouldn', 't', 'andretti', 'z', 'buy', 'it', 'given', 'they', 're', 'so', 'desperate', 'to', 'get', 'into', 'f']","['ftalkingpoints', 'alpha', 'tauri', 'openly', 'sale', 'andretti', 'z', 'buy', 'given', 'desperate', 'get', 'f']","['ftalkingpoint', 'alpha', 'tauri', 'openli', 'sale', 'andretti', 'z', 'buy', 'given', 'desper', 'get', 'f']"
1,"@F1 @lawrobarretto Mick to Williams
De Vries to Alpha Tauri
Gasly to Alpine

Haas seat left open, Italian Jesus or Hulkemberg? Both aren't good","f lawrobarretto mick to williams
de vries to alpha tauri
gasly to alpine

haas seat left open italian jesus or hulkemberg both arent good",0.175,0.275,negative,"['f', 'lawrobarretto', 'mick', 'to', 'williams', 'de', 'vries', 'to', 'alpha', 'tauri', 'gasly', 'to', 'alpine', 'haas', 'seat', 'left', 'open', 'italian', 'jesus', 'or', 'hulkemberg', 'both', 'arent', 'good']","['f', 'lawrobarretto', 'mick', 'williams', 'de', 'vries', 'alpha', 'tauri', 'gasly', 'alpine', 'haas', 'seat', 'left', 'open', 'italian', 'jesus', 'hulkemberg', 'arent', 'good']","['f', 'lawrobarretto', 'mick', 'william', 'de', 'vri', 'alpha', 'tauri', 'gasli', 'alpin', 'haa', 'seat', 'left', 'open', 'italian', 'jesu', 'hulkemberg', 'arent', 'good']"
2,"https://t.co/EEUB2j1NFS

Verstappen title permutations, Alpha Tauri‚Äôs driver line-up, who races for William‚Äôs this weekend, the 2023 calendar and the return of the Marina Bay circuit!

There‚Äôs lots going on in the paddock as F1 arrives in Singapore!

#SingaporeGP üá∏üá¨ #F1","httpstcoeeubjnfs

verstappen title permutations alpha tauri‚Äôs driver lineup who races for william‚Äôs this weekend the  calendar and the return of the marina bay circuit

there‚Äôs lots going on in the paddock as f arrives in singapore

singaporegp üá∏üá¨ f",0.0,0.0,neutral,"['httpstcoeeubjnfs', 'verstappen', 'title', 'permutations', 'alpha', 'tauri', 's', 'driver', 'lineup', 'who', 'races', 'for', 'william', 's', 'this', 'weekend', 'the', 'calendar', 'and', 'the', 'return', 'of', 'the', 'marina', 'bay', 'circuit', 'there', 's', 'lots', 'going', 'on', 'in', 'the', 'paddock', 'as', 'f', 'arrives', 'in', 'singapore', 'singaporegp', 'f']","['httpstcoeeubjnfs', 'verstappen', 'title', 'permutations', 'alpha', 'tauri', 'driver', 'lineup', 'races', 'william', 'weekend', 'calendar', 'return', 'marina', 'bay', 'circuit', 'lots', 'going', 'paddock', 'f', 'arrives', 'singapore', 'singaporegp', 'f']","['httpstcoeeubjnf', 'verstappen', 'titl', 'permut', 'alpha', 'tauri', 'driver', 'lineup', 'race', 'william', 'weekend', 'calendar', 'return', 'marina', 'bay', 'circuit', 'lot', 'go', 'paddock', 'f', 'arriv', 'singapor', 'singaporegp', 'f']"
3,@maxiesgirl @stella__f1 i think we‚Äôd be great at alpha tauri or mercedes,maxiesgirl stellaf i think we‚Äôd be great at alpha tauri or mercedes,0.8,0.75,positive,"['maxiesgirl', 'stellaf', 'i', 'think', 'we', 'd', 'be', 'great', 'at', 'alpha', 'tauri', 'or', 'mercedes']","['maxiesgirl', 'stellaf', 'think', 'great', 'alpha', 'tauri', 'mercedes']","['maxiesgirl', 'stellaf', 'think', 'great', 'alpha', 'tauri', 'merced']"
4,"@Planet_F1 They will be back, once RB &amp; Max win the championship in Japan they will buy Alpha Tauri, that‚Äôs part of the reason Yuki stays. And Honda will form a partnership with RB power trains.",planetf they will be back once rb amp max win the championship in japan they will buy alpha tauri that‚Äôs part of the reason yuki stays and honda will form a partnership with rb power trains,0.4,0.2,positive,"['planetf', 'they', 'will', 'be', 'back', 'once', 'rb', 'amp', 'max', 'win', 'the', 'championship', 'in', 'japan', 'they', 'will', 'buy', 'alpha', 'tauri', 'that', 's', 'part', 'of', 'the', 'reason', 'yuki', 'stays', 'and', 'honda', 'will', 'form', 'a', 'partnership', 'with', 'rb', 'power', 'trains']","['planetf', 'back', 'rb', 'amp', 'max', 'win', 'championship', 'japan', 'buy', 'alpha', 'tauri', 'part', 'reason', 'yuki', 'stays', 'honda', 'form', 'partnership', 'rb', 'power', 'trains']","['planetf', 'back', 'rb', 'amp', 'max', 'win', 'championship', 'japan', 'buy', 'alpha', 'tauri', 'part', 'reason', 'yuki', 'stay', 'honda', 'form', 'partnership', 'rb', 'power', 'train']"
5,f1 merch pop up!!!! i didnt get one only my family member cuz they didnt have what i want and they only have one merch of alpha tauri????? https://t.co/nunxaKgplJ,f merch pop up i didnt get one only my family member cuz they didnt have what i want and they only have one merch of alpha tauri httpstconunxakgplj,0.0,1.0,negative,"['f', 'merch', 'pop', 'up', 'i', 'didnt', 'get', 'one', 'only', 'my', 'family', 'member', 'cuz', 'they', 'didnt', 'have', 'what', 'i', 'want', 'and', 'they', 'only', 'have', 'one', 'merch', 'of', 'alpha', 'tauri', 'httpstconunxakgplj']","['f', 'merch', 'pop', 'didnt', 'get', 'one', 'family', 'member', 'cuz', 'didnt', 'want', 'one', 'merch', 'alpha', 'tauri', 'httpstconunxakgplj']","['f', 'merch', 'pop', 'didnt', 'get', 'one', 'famili', 'member', 'cuz', 'didnt', 'want', 'one', 'merch', 'alpha', 'tauri', 'httpstconunxakgplj']"
6,@F1 DEV to Alpha Tauri and GAS to Alpine,f dev to alpha tauri and gas to alpine,0.0,0.0,neutral,"['f', 'dev', 'to', 'alpha', 'tauri', 'and', 'gas', 'to', 'alpine']","['f', 'dev', 'alpha', 'tauri', 'gas', 'alpine']","['f', 'dev', 'alpha', 'tauri', 'ga', 'alpin']"
7,* Jaime Alguersuari drove in F1 for Toro Rosso (now Alpha Tauri) between 2009 -2011., jaime alguersuari drove in f for toro rosso now alpha tauri between  ,0.0,0.0,neutral,"['', 'jaime', 'alguersuari', 'drove', 'in', 'f', 'for', 'toro', 'rosso', 'now', 'alpha', 'tauri', 'between', '']","['', 'jaime', 'alguersuari', 'drove', 'f', 'toro', 'rosso', 'alpha', 'tauri', '']","['', 'jaim', 'alguersuari', 'drove', 'f', 'toro', 'rosso', 'alpha', 'tauri', '']"
8,"@KaZ1_F1 @LastLapLucy There‚Äôs more than one seat up for discussion ü§¶üèª‚Äç‚ôÇÔ∏è
Alpha Tauri want De Vries","kazf lastlaplucy there‚Äôs more than one seat up for discussion ü§¶üèª‚Äç‚ôÇÔ∏è
alpha tauri want de vries",0.5,0.5,positive,"['kazf', 'lastlaplucy', 'there', 's', 'more', 'than', 'one', 'seat', 'up', 'for', 'discussion', 'alpha', 'tauri', 'want', 'de', 'vries']","['kazf', 'lastlaplucy', 'one', 'seat', 'discussion', 'alpha', 'tauri', 'want', 'de', 'vries']","['kazf', 'lastlapluci', 'one', 'seat', 'discuss', 'alpha', 'tauri', 'want', 'de', 'vri']"
9,@DTM @NickCassidy_ @AFCorse Give him the Alpha Tauri seat in F1,dtm nickcassidy afcorse give him the alpha tauri seat in f,0.0,0.0,neutral,"['dtm', 'nickcassidy', 'afcorse', 'give', 'him', 'the', 'alpha', 'tauri', 'seat', 'in', 'f']","['dtm', 'nickcassidy', 'afcorse', 'give', 'alpha', 'tauri', 'seat', 'f']","['dtm', 'nickcassidi', 'afcors', 'give', 'alpha', 'tauri', 'seat', 'f']"
10,"@F1 De Vries and Tsunoda ar Alpha Tauri, Ocon and Gasly at Alpine would be great. Schumacher needs to get out of the hell hole which is Haas and even it means a year out he can come back with a way better team in 24.",f de vries and tsunoda ar alpha tauri ocon and gasly at alpine would be great schumacher needs to get out of the hell hole which is haas and even it means a year out he can come back with a way better team in ,0.43333333333333335,0.4166666666666667,positive,"['f', 'de', 'vries', 'and', 'tsunoda', 'ar', 'alpha', 'tauri', 'ocon', 'and', 'gasly', 'at', 'alpine', 'would', 'be', 'great', 'schumacher', 'needs', 'to', 'get', 'out', 'of', 'the', 'hell', 'hole', 'which', 'is', 'haas', 'and', 'even', 'it', 'means', 'a', 'year', 'out', 'he', 'can', 'come', 'back', 'with', 'a', 'way', 'better', 'team', 'in', '']","['f', 'de', 'vries', 'tsunoda', 'ar', 'alpha', 'tauri', 'ocon', 'gasly', 'alpine', 'would', 'great', 'schumacher', 'needs', 'get', 'hell', 'hole', 'haas', 'even', 'means', 'year', 'come', 'back', 'way', 'better', 'team', '']","['f', 'de', 'vri', 'tsunoda', 'ar', 'alpha', 'tauri', 'ocon', 'gasli', 'alpin', 'would', 'great', 'schumach', 'need', 'get', 'hell', 'hole', 'haa', 'even', 'mean', 'year', 'come', 'back', 'way', 'better', 'team', '']"
11,@F1 @nyckdevries should take a year at Williams and when he smashes that out of the park move to Mercedes for 2024. Alpine and Alpha Tauri may want to give him a 2 year deal but there will be major movements in 2024 and he shouldn‚Äôt get tied to either of those two #F1,f nyckdevries should take a year at williams and when he smashes that out of the park move to mercedes for  alpine and alpha tauri may want to give him a  year deal but there will be major movements in  and he shouldn‚Äôt get tied to either of those two f,0.0625,0.5,positive,"['f', 'nyckdevries', 'should', 'take', 'a', 'year', 'at', 'williams', 'and', 'when', 'he', 'smashes', 'that', 'out', 'of', 'the', 'park', 'move', 'to', 'mercedes', 'for', 'alpine', 'and', 'alpha', 'tauri', 'may', 'want', 'to', 'give', 'him', 'a', 'year', 'deal', 'but', 'there', 'will', 'be', 'major', 'movements', 'in', 'and', 'he', 'shouldn', 't', 'get', 'tied', 'to', 'either', 'of', 'those', 'two', 'f']","['f', 'nyckdevries', 'take', 'year', 'williams', 'smashes', 'park', 'move', 'mercedes', 'alpine', 'alpha', 'tauri', 'may', 'want', 'give', 'year', 'deal', 'major', 'movements', 'get', 'tied', 'either', 'two', 'f']","['f', 'nyckdevri', 'take', 'year', 'william', 'smash', 'park', 'move', 'merced', 'alpin', 'alpha', 'tauri', 'may', 'want', 'give', 'year', 'deal', 'major', 'movement', 'get', 'tie', 'either', 'two', 'f']"
12,gasly why r u still at alpha tauri my boy üò≠üò≠ https://t.co/8DtPHWtcNQ,gasly why r u still at alpha tauri my boy üò≠üò≠ httpstcodtphwtcnq,0.0,0.0,neutral,"['gasly', 'why', 'r', 'u', 'still', 'at', 'alpha', 'tauri', 'my', 'boy', 'httpstcodtphwtcnq']","['gasly', 'r', 'u', 'still', 'alpha', 'tauri', 'boy', 'httpstcodtphwtcnq']","['gasli', 'r', 'u', 'still', 'alpha', 'tauri', 'boy', 'httpstcodtphwtcnq']"
13,"@F1 Schumi Jr. in Alfa Romeo, Gasly in Alpine, Giovinazzi in Haas, De Vries in Alpha Tauri and  Drugovich in Williams",f schumi jr in alfa romeo gasly in alpine giovinazzi in haas de vries in alpha tauri and  drugovich in williams,0.0,0.0,neutral,"['f', 'schumi', 'jr', 'in', 'alfa', 'romeo', 'gasly', 'in', 'alpine', 'giovinazzi', 'in', 'haas', 'de', 'vries', 'in', 'alpha', 'tauri', 'and', 'drugovich', 'in', 'williams']","['f', 'schumi', 'jr', 'alfa', 'romeo', 'gasly', 'alpine', 'giovinazzi', 'haas', 'de', 'vries', 'alpha', 'tauri', 'drugovich', 'williams']","['f', 'schumi', 'jr', 'alfa', 'romeo', 'gasli', 'alpin', 'giovinazzi', 'haa', 'de', 'vri', 'alpha', 'tauri', 'drugovich', 'william']"
14,@F1 Gasly staying with Alpha Tauri?,f gasly staying with alpha tauri,0.0,0.0,neutral,"['f', 'gasly', 'staying', 'with', 'alpha', 'tauri']","['f', 'gasly', 'staying', 'alpha', 'tauri']","['f', 'gasli', 'stay', 'alpha', 'tauri']"
15,"@F1 I think Mick will go to Williams, Nyck De Vries will go to alpha tauri, Pouchaire will join haas, gasly will go to alpine and Zhou stays at Alfa romeo",f i think mick will go to williams nyck de vries will go to alpha tauri pouchaire will join haas gasly will go to alpine and zhou stays at alfa romeo,0.0,0.0,positive,"['f', 'i', 'think', 'mick', 'will', 'go', 'to', 'williams', 'nyck', 'de', 'vries', 'will', 'go', 'to', 'alpha', 'tauri', 'pouchaire', 'will', 'join', 'haas', 'gasly', 'will', 'go', 'to', 'alpine', 'and', 'zhou', 'stays', 'at', 'alfa', 'romeo']","['f', 'think', 'mick', 'go', 'williams', 'nyck', 'de', 'vries', 'go', 'alpha', 'tauri', 'pouchaire', 'join', 'haas', 'gasly', 'go', 'alpine', 'zhou', 'stays', 'alfa', 'romeo']","['f', 'think', 'mick', 'go', 'william', 'nyck', 'de', 'vri', 'go', 'alpha', 'tauri', 'pouchair', 'join', 'haa', 'gasli', 'go', 'alpin', 'zhou', 'stay', 'alfa', 'romeo']"
16,"Good news here... now if we can keep Alpha Tauri from cheating for Red Ballz, we can have real racing!

https://t.co/AeUeCzNsv7","good news here now if we can keep alpha tauri from cheating for red ballz we can have real racing

httpstcoaeuecznsv",0.3,0.30000000000000004,negative,"['good', 'news', 'here', 'now', 'if', 'we', 'can', 'keep', 'alpha', 'tauri', 'from', 'cheating', 'for', 'red', 'ballz', 'we', 'can', 'have', 'real', 'racing', 'httpstcoaeuecznsv']","['good', 'news', 'keep', 'alpha', 'tauri', 'cheating', 'red', 'ballz', 'real', 'racing', 'httpstcoaeuecznsv']","['good', 'news', 'keep', 'alpha', 'tauri', 'cheat', 'red', 'ballz', 'real', 'race', 'httpstcoaeuecznsv']"
17,"GOOD!! IMO Red Bull/Alpha Tauri wanted to make this move because Herta is an American. Because on talent alone, ALEX PALOU is the best prospect in INDYCAR to make the jump to F1.

https://t.co/VTEtMD8L6X via @motorsport","good imo red bullalpha tauri wanted to make this move because herta is an american because on talent alone alex palou is the best prospect in indycar to make the jump to f

httpstcovtetmdlx via motorsport",0.425,0.22500000000000003,positive,"['good', 'imo', 'red', 'bullalpha', 'tauri', 'wanted', 'to', 'make', 'this', 'move', 'because', 'herta', 'is', 'an', 'american', 'because', 'on', 'talent', 'alone', 'alex', 'palou', 'is', 'the', 'best', 'prospect', 'in', 'indycar', 'to', 'make', 'the', 'jump', 'to', 'f', 'httpstcovtetmdlx', 'via', 'motorsport']","['good', 'imo', 'red', 'bullalpha', 'tauri', 'wanted', 'make', 'move', 'herta', 'american', 'talent', 'alone', 'alex', 'palou', 'best', 'prospect', 'indycar', 'make', 'jump', 'f', 'httpstcovtetmdlx', 'via', 'motorsport']","['good', 'imo', 'red', 'bullalpha', 'tauri', 'want', 'make', 'move', 'herta', 'american', 'talent', 'alon', 'alex', 'palou', 'best', 'prospect', 'indycar', 'make', 'jump', 'f', 'httpstcovtetmdlx', 'via', 'motorsport']"
18,"@wbuxtonofficial I don‚Äôt understand where Lawson fits in. There seems to be a desire to look outside the young drivers prog. at Alpha Tauri, when AT are clearly prepping Liam for a seat. He‚Äôs arguably just as good as Nyck dV, Doohan, Schumacher and is only one COVID case away from an F1 start.",wbuxtonofficial i don‚Äôt understand where lawson fits in there seems to be a desire to look outside the young drivers prog at alpha tauri when at are clearly prepping liam for a seat he‚Äôs arguably just as good as nyck dv doohan schumacher and is only one covid case away from an f start,0.18,0.4866666666666667,positive,"['wbuxtonofficial', 'i', 'don', 't', 'understand', 'where', 'lawson', 'fits', 'in', 'there', 'seems', 'to', 'be', 'a', 'desire', 'to', 'look', 'outside', 'the', 'young', 'drivers', 'prog', 'at', 'alpha', 'tauri', 'when', 'at', 'are', 'clearly', 'prepping', 'liam', 'for', 'a', 'seat', 'he', 's', 'arguably', 'just', 'as', 'good', 'as', 'nyck', 'dv', 'doohan', 'schumacher', 'and', 'is', 'only', 'one', 'covid', 'case', 'away', 'from', 'an', 'f', 'start']","['wbuxtonofficial', 'understand', 'lawson', 'fits', 'seems', 'desire', 'look', 'outside', 'young', 'drivers', 'prog', 'alpha', 'tauri', 'clearly', 'prepping', 'liam', 'seat', 'arguably', 'good', 'nyck', 'dv', 'doohan', 'schumacher', 'one', 'covid', 'case', 'away', 'f', 'start']","['wbuxtonoffici', 'understand', 'lawson', 'fit', 'seem', 'desir', 'look', 'outsid', 'young', 'driver', 'prog', 'alpha', 'tauri', 'clearli', 'prep', 'liam', 'seat', 'arguabl', 'good', 'nyck', 'dv', 'doohan', 'schumach', 'one', 'covid', 'case', 'away', 'f', 'start']"
19,"@vinot_jr @MattyWTF1 Two years now they are called Alpha Tauri, do you even watch F1?",vinotjr mattywtf two years now they are called alpha tauri do you even watch f,0.0,0.0,neutral,"['vinotjr', 'mattywtf', 'two', 'years', 'now', 'they', 'are', 'called', 'alpha', 'tauri', 'do', 'you', 'even', 'watch', 'f']","['vinotjr', 'mattywtf', 'two', 'years', 'called', 'alpha', 'tauri', 'even', 'watch', 'f']","['vinotjr', 'mattywtf', 'two', 'year', 'call', 'alpha', 'tauri', 'even', 'watch', 'f']"
20,"I would love to see @PierreGASLY to Alpine, @nyckdevries to Williams, and @danielricciardo to Alpha Tauri . #F1",i would love to see pierregasly to alpine nyckdevries to williams and danielricciardo to alpha tauri  f,0.5,0.6,positive,"['i', 'would', 'love', 'to', 'see', 'pierregasly', 'to', 'alpine', 'nyckdevries', 'to', 'williams', 'and', 'danielricciardo', 'to', 'alpha', 'tauri', 'f']","['would', 'love', 'see', 'pierregasly', 'alpine', 'nyckdevries', 'williams', 'danielricciardo', 'alpha', 'tauri', 'f']","['would', 'love', 'see', 'pierregasli', 'alpin', 'nyckdevri', 'william', 'danielricciardo', 'alpha', 'tauri', 'f']"
21,@F1 You put Pedro Gaseoso still Alpha Tauri? https://t.co/qUSvKi8zmE,f you put pedro gaseoso still alpha tauri httpstcoqusvkizme,0.0,0.0,neutral,"['f', 'you', 'put', 'pedro', 'gaseoso', 'still', 'alpha', 'tauri', 'httpstcoqusvkizme']","['f', 'put', 'pedro', 'gaseoso', 'still', 'alpha', 'tauri', 'httpstcoqusvkizme']","['f', 'put', 'pedro', 'gaseoso', 'still', 'alpha', 'tauri', 'httpstcoqusvkizm']"
22,"Not the most realistic but:

Alpha Tauri - De Vries 
Alfa Romeo - Zhou 
Williams - Vandoorne 
Alpine - Gasly 
Haas - Ricciardo https://t.co/i7jotImWe5","not the most realistic but

alpha tauri  de vries 
alfa romeo  zhou 
williams  vandoorne 
alpine  gasly 
haas  ricciardo httpstcoijotimwe",0.3333333333333333,0.41666666666666663,neutral,"['not', 'the', 'most', 'realistic', 'but', 'alpha', 'tauri', 'de', 'vries', 'alfa', 'romeo', 'zhou', 'williams', 'vandoorne', 'alpine', 'gasly', 'haas', 'ricciardo', 'httpstcoijotimwe']","['realistic', 'alpha', 'tauri', 'de', 'vries', 'alfa', 'romeo', 'zhou', 'williams', 'vandoorne', 'alpine', 'gasly', 'haas', 'ricciardo', 'httpstcoijotimwe']","['realist', 'alpha', 'tauri', 'de', 'vri', 'alfa', 'romeo', 'zhou', 'william', 'vandoorn', 'alpin', 'gasli', 'haa', 'ricciardo', 'httpstcoijotimw']"
23,"Because F1 Twitter is doing it, and I want a record for when I'm right, here's my remaining seat predictions. 

Alfa Romeo - Bottas / Zhou
Alpha Tauri - Tsunoda / De Vries 
Haas - KMag/ Giovinazzi ( I'm manifesting Ricciardoü§û)
Alpine - Ocon / Gasly
Williams - Albon / Sargeant","because f twitter is doing it and i want a record for when im right heres my remaining seat predictions 

alfa romeo  bottas  zhou
alpha tauri  tsunoda  de vries 
haas  kmag giovinazzi  im manifesting ricciardoü§û
alpine  ocon  gasly
williams  albon  sargeant",0.2857142857142857,0.5357142857142857,positive,"['because', 'f', 'twitter', 'is', 'doing', 'it', 'and', 'i', 'want', 'a', 'record', 'for', 'when', 'im', 'right', 'heres', 'my', 'remaining', 'seat', 'predictions', 'alfa', 'romeo', 'bottas', 'zhou', 'alpha', 'tauri', 'tsunoda', 'de', 'vries', 'haas', 'kmag', 'giovinazzi', 'im', 'manifesting', 'ricciardo', 'alpine', 'ocon', 'gasly', 'williams', 'albon', 'sargeant']","['f', 'twitter', 'want', 'record', 'im', 'right', 'heres', 'remaining', 'seat', 'predictions', 'alfa', 'romeo', 'bottas', 'zhou', 'alpha', 'tauri', 'tsunoda', 'de', 'vries', 'haas', 'kmag', 'giovinazzi', 'im', 'manifesting', 'ricciardo', 'alpine', 'ocon', 'gasly', 'williams', 'albon', 'sargeant']","['f', 'twitter', 'want', 'record', 'im', 'right', 'here', 'remain', 'seat', 'predict', 'alfa', 'romeo', 'botta', 'zhou', 'alpha', 'tauri', 'tsunoda', 'de', 'vri', 'haa', 'kmag', 'giovinazzi', 'im', 'manifest', 'ricciardo', 'alpin', 'ocon', 'gasli', 'william', 'albon', 'sargeant']"
24,@vefu_ @F1 They‚Äôll ask Alpha Tauri! ü¶¶,vefu f they‚Äôll ask alpha tauri ü¶¶,0.0,0.0,neutral,"['vefu', 'f', 'they', 'll', 'ask', 'alpha', 'tauri', '']","['vefu', 'f', 'ask', 'alpha', 'tauri', '']","['vefu', 'f', 'ask', 'alpha', 'tauri', '']"
25,"@AlphaTauriF1 Shit man what am I gonna do with my Alpha Tauri F1 car, Pierre Gasly, and pit lane now ffs",alphataurif shit man what am i gonna do with my alpha tauri f car pierre gasly and pit lane now ffs,-0.2,0.8,negative,"['alphataurif', 'shit', 'man', 'what', 'am', 'i', 'gonna', 'do', 'with', 'my', 'alpha', 'tauri', 'f', 'car', 'pierre', 'gasly', 'and', 'pit', 'lane', 'now', 'ffs']","['alphataurif', 'shit', 'man', 'gonna', 'alpha', 'tauri', 'f', 'car', 'pierre', 'gasly', 'pit', 'lane', 'ffs']","['alphataurif', 'shit', 'man', 'gonna', 'alpha', 'tauri', 'f', 'car', 'pierr', 'gasli', 'pit', 'lane', 'ff']"
26,"@borosbertiii @WBlackwell72 @F1 Charles is Gasly's best friend, they know other since they are 6 years old. And on what planet is Alpine √† worse team than Alpha Tauri ??? They are probably the worst car on the grid atm, Renault, a factory team with much bigger ressources are the 4th best team",borosbertiii wblackwell f charles is gaslys best friend they know other since they are  years old and on what planet is alpine √† worse team than alpha tauri  they are probably the worst car on the grid atm renault a factory team with much bigger ressources are the th best team,0.08214285714285714,0.46785714285714286,positive,"['borosbertiii', 'wblackwell', 'f', 'charles', 'is', 'gaslys', 'best', 'friend', 'they', 'know', 'other', 'since', 'they', 'are', 'years', 'old', 'and', 'on', 'what', 'planet', 'is', 'alpine', '√†', 'worse', 'team', 'than', 'alpha', 'tauri', 'they', 'are', 'probably', 'the', 'worst', 'car', 'on', 'the', 'grid', 'atm', 'renault', 'a', 'factory', 'team', 'with', 'much', 'bigger', 'ressources', 'are', 'the', 'th', 'best', 'team']","['borosbertiii', 'wblackwell', 'f', 'charles', 'gaslys', 'best', 'friend', 'know', 'since', 'years', 'old', 'planet', 'alpine', '√†', 'worse', 'team', 'alpha', 'tauri', 'probably', 'worst', 'car', 'grid', 'atm', 'renault', 'factory', 'team', 'much', 'bigger', 'ressources', 'th', 'best', 'team']","['borosbertiii', 'wblackwel', 'f', 'charl', 'gasli', 'best', 'friend', 'know', 'sinc', 'year', 'old', 'planet', 'alpin', '√†', 'wors', 'team', 'alpha', 'tauri', 'probabl', 'worst', 'car', 'grid', 'atm', 'renault', 'factori', 'team', 'much', 'bigger', 'ressourc', 'th', 'best', 'team']"
27,"@AlphaTauriF1 No worries, i always leave my Alpha Tauri F1 parked at the office ü§ù",alphataurif no worries i always leave my alpha tauri f parked at the office ü§ù,0.0,0.0,negative,"['alphataurif', 'no', 'worries', 'i', 'always', 'leave', 'my', 'alpha', 'tauri', 'f', 'parked', 'at', 'the', 'office', '']","['alphataurif', 'worries', 'always', 'leave', 'alpha', 'tauri', 'f', 'parked', 'office', '']","['alphataurif', 'worri', 'alway', 'leav', 'alpha', 'tauri', 'f', 'park', 'offic', '']"
28,@JackClay010298 @BillyMoulding @F1 Alpha tauri has already announced there drivers contracts for next year are people missing this ?,jackclay billymoulding f alpha tauri has already announced there drivers contracts for next year are people missing this ,-0.1,0.025,negative,"['jackclay', 'billymoulding', 'f', 'alpha', 'tauri', 'has', 'already', 'announced', 'there', 'drivers', 'contracts', 'for', 'next', 'year', 'are', 'people', 'missing', 'this', '']","['jackclay', 'billymoulding', 'f', 'alpha', 'tauri', 'already', 'announced', 'drivers', 'contracts', 'next', 'year', 'people', 'missing', '']","['jackclay', 'billymould', 'f', 'alpha', 'tauri', 'alreadi', 'announc', 'driver', 'contract', 'next', 'year', 'peopl', 'miss', '']"
29,"2023 Grid 

Redbull: Verstappen - Perez
Ferrari: Leclerc - Sainz
Mercedes: Hamilton - Russell
Mclaren: Norris - Piastri
Alfa Romeo: Bottas - Zhou
Alpine: Gasly - Ocon
Alpha Tauri: Mick - Tsunoda
Haas: Magnussen - Ricciardo
Aston Martin: Stroll - Alonso
Williams: Albon - De Vries https://t.co/HRofhwAyM5"," grid 

redbull verstappen  perez
ferrari leclerc  sainz
mercedes hamilton  russell
mclaren norris  piastri
alfa romeo bottas  zhou
alpine gasly  ocon
alpha tauri mick  tsunoda
haas magnussen  ricciardo
aston martin stroll  alonso
williams albon  de vries httpstcohrofhwaym",0.0,0.0,neutral,"['', 'grid', 'redbull', 'verstappen', 'perez', 'ferrari', 'leclerc', 'sainz', 'mercedes', 'hamilton', 'russell', 'mclaren', 'norris', 'piastri', 'alfa', 'romeo', 'bottas', 'zhou', 'alpine', 'gasly', 'ocon', 'alpha', 'tauri', 'mick', 'tsunoda', 'haas', 'magnussen', 'ricciardo', 'aston', 'martin', 'stroll', 'alonso', 'williams', 'albon', 'de', 'vries', 'httpstcohrofhwaym']","['', 'grid', 'redbull', 'verstappen', 'perez', 'ferrari', 'leclerc', 'sainz', 'mercedes', 'hamilton', 'russell', 'mclaren', 'norris', 'piastri', 'alfa', 'romeo', 'bottas', 'zhou', 'alpine', 'gasly', 'ocon', 'alpha', 'tauri', 'mick', 'tsunoda', 'haas', 'magnussen', 'ricciardo', 'aston', 'martin', 'stroll', 'alonso', 'williams', 'albon', 'de', 'vries', 'httpstcohrofhwaym']","['', 'grid', 'redbul', 'verstappen', 'perez', 'ferrari', 'leclerc', 'sainz', 'merced', 'hamilton', 'russel', 'mclaren', 'norri', 'piastri', 'alfa', 'romeo', 'botta', 'zhou', 'alpin', 'gasli', 'ocon', 'alpha', 'tauri', 'mick', 'tsunoda', 'haa', 'magnussen', 'ricciardo', 'aston', 'martin', 'stroll', 'alonso', 'william', 'albon', 'de', 'vri', 'httpstcohrofhwaym']"
30,@F1 Gasly confirmed in Alpha Tauri?,f gasly confirmed in alpha tauri,0.4,1.0,neutral,"['f', 'gasly', 'confirmed', 'in', 'alpha', 'tauri']","['f', 'gasly', 'confirmed', 'alpha', 'tauri']","['f', 'gasli', 'confirm', 'alpha', 'tauri']"
31,@AlphaTauriF1 @F1 I swear alpha tauri spends more time editing video effects then working on fixing that car,alphataurif f i swear alpha tauri spends more time editing video effects then working on fixing that car,0.5,0.5,negative,"['alphataurif', 'f', 'i', 'swear', 'alpha', 'tauri', 'spends', 'more', 'time', 'editing', 'video', 'effects', 'then', 'working', 'on', 'fixing', 'that', 'car']","['alphataurif', 'f', 'swear', 'alpha', 'tauri', 'spends', 'time', 'editing', 'video', 'effects', 'working', 'fixing', 'car']","['alphataurif', 'f', 'swear', 'alpha', 'tauri', 'spend', 'time', 'edit', 'video', 'effect', 'work', 'fix', 'car']"
32,"@samsonthemonkey @Kimberlyygore4 @F1 But why would he want to sit in a Williams waiting for a potential shot in a Merc when he could race the Alpha Tauri? Happens all the time in football, young players leave big clubs for a better shot else where",samsonthemonkey kimberlyygore f but why would he want to sit in a williams waiting for a potential shot in a merc when he could race the alpha tauri happens all the time in football young players leave big clubs for a better shot else where,0.15,0.5,positive,"['samsonthemonkey', 'kimberlyygore', 'f', 'but', 'why', 'would', 'he', 'want', 'to', 'sit', 'in', 'a', 'williams', 'waiting', 'for', 'a', 'potential', 'shot', 'in', 'a', 'merc', 'when', 'he', 'could', 'race', 'the', 'alpha', 'tauri', 'happens', 'all', 'the', 'time', 'in', 'football', 'young', 'players', 'leave', 'big', 'clubs', 'for', 'a', 'better', 'shot', 'else', 'where']","['samsonthemonkey', 'kimberlyygore', 'f', 'would', 'want', 'sit', 'williams', 'waiting', 'potential', 'shot', 'merc', 'could', 'race', 'alpha', 'tauri', 'happens', 'time', 'football', 'young', 'players', 'leave', 'big', 'clubs', 'better', 'shot', 'else']","['samsonthemonkey', 'kimberlyygor', 'f', 'would', 'want', 'sit', 'william', 'wait', 'potenti', 'shot', 'merc', 'could', 'race', 'alpha', 'tauri', 'happen', 'time', 'footbal', 'young', 'player', 'leav', 'big', 'club', 'better', 'shot', 'els']"
33,Yes with my Pitlane and Alpha Tauri F1 Car https://t.co/OTNq4ZYaiE,yes with my pitlane and alpha tauri f car httpstcootnqzyaie,0.0,0.0,positive,"['yes', 'with', 'my', 'pitlane', 'and', 'alpha', 'tauri', 'f', 'car', 'httpstcootnqzyaie']","['yes', 'pitlane', 'alpha', 'tauri', 'f', 'car', 'httpstcootnqzyaie']","['ye', 'pitlan', 'alpha', 'tauri', 'f', 'car', 'httpstcootnqzyai']"
34,alpha tauri admin is of the best content creators of f1 https://t.co/N3XF5y6l8A,alpha tauri admin is of the best content creators of f httpstconxfyla,1.0,0.3,positive,"['alpha', 'tauri', 'admin', 'is', 'of', 'the', 'best', 'content', 'creators', 'of', 'f', 'httpstconxfyla']","['alpha', 'tauri', 'admin', 'best', 'content', 'creators', 'f', 'httpstconxfyla']","['alpha', 'tauri', 'admin', 'best', 'content', 'creator', 'f', 'httpstconxfyla']"
35,"Gasly to Alpine
Danny Ric to Haas
Liam Lawson to Alpha Tauri
Mick to Alfa Romeo
De Vries to Williams https://t.co/RyhWFc86Pp","gasly to alpine
danny ric to haas
liam lawson to alpha tauri
mick to alfa romeo
de vries to williams httpstcoryhwfcpp",0.0,0.0,neutral,"['gasly', 'to', 'alpine', 'danny', 'ric', 'to', 'haas', 'liam', 'lawson', 'to', 'alpha', 'tauri', 'mick', 'to', 'alfa', 'romeo', 'de', 'vries', 'to', 'williams', 'httpstcoryhwfcpp']","['gasly', 'alpine', 'danny', 'ric', 'haas', 'liam', 'lawson', 'alpha', 'tauri', 'mick', 'alfa', 'romeo', 'de', 'vries', 'williams', 'httpstcoryhwfcpp']","['gasli', 'alpin', 'danni', 'ric', 'haa', 'liam', 'lawson', 'alpha', 'tauri', 'mick', 'alfa', 'romeo', 'de', 'vri', 'william', 'httpstcoryhwfcpp']"
36,"If Latifi sells his lifetime supply of Red Bull, can he buy a seat on Alpha Tauri or Red Bull Racing? #F1",if latifi sells his lifetime supply of red bull can he buy a seat on alpha tauri or red bull racing f,0.0,0.0,neutral,"['if', 'latifi', 'sells', 'his', 'lifetime', 'supply', 'of', 'red', 'bull', 'can', 'he', 'buy', 'a', 'seat', 'on', 'alpha', 'tauri', 'or', 'red', 'bull', 'racing', 'f']","['latifi', 'sells', 'lifetime', 'supply', 'red', 'bull', 'buy', 'seat', 'alpha', 'tauri', 'red', 'bull', 'racing', 'f']","['latifi', 'sell', 'lifetim', 'suppli', 'red', 'bull', 'buy', 'seat', 'alpha', 'tauri', 'red', 'bull', 'race', 'f']"
37,"@PyrobearOW @F1 If Gasly goes to Alpine then De Vries to Alpha Tauri (I hope), maybe Schumacher to Williams?",pyrobearow f if gasly goes to alpine then de vries to alpha tauri i hope maybe schumacher to williams,0.0,0.0,positive,"['pyrobearow', 'f', 'if', 'gasly', 'goes', 'to', 'alpine', 'then', 'de', 'vries', 'to', 'alpha', 'tauri', 'i', 'hope', 'maybe', 'schumacher', 'to', 'williams']","['pyrobearow', 'f', 'gasly', 'goes', 'alpine', 'de', 'vries', 'alpha', 'tauri', 'hope', 'maybe', 'schumacher', 'williams']","['pyrobearow', 'f', 'gasli', 'goe', 'alpin', 'de', 'vri', 'alpha', 'tauri', 'hope', 'mayb', 'schumach', 'william']"
38,@O_J_S_1 @F1 I thought Nyck is going to Alpha Tauri?,ojs f i thought nyck is going to alpha tauri,0.0,0.0,neutral,"['ojs', 'f', 'i', 'thought', 'nyck', 'is', 'going', 'to', 'alpha', 'tauri']","['ojs', 'f', 'thought', 'nyck', 'going', 'alpha', 'tauri']","['oj', 'f', 'thought', 'nyck', 'go', 'alpha', 'tauri']"
39,@AlphaTauriF1 I always do this at home with my Alpha Tauri F1 car and entire pitlane.,alphataurif i always do this at home with my alpha tauri f car and entire pitlane,0.0,0.625,neutral,"['alphataurif', 'i', 'always', 'do', 'this', 'at', 'home', 'with', 'my', 'alpha', 'tauri', 'f', 'car', 'and', 'entire', 'pitlane']","['alphataurif', 'always', 'home', 'alpha', 'tauri', 'f', 'car', 'entire', 'pitlane']","['alphataurif', 'alway', 'home', 'alpha', 'tauri', 'f', 'car', 'entir', 'pitlan']"
40,"this could work‚Ä¶

Alpine: Gasly - Ocon
Alfa Romeo: Bottas - Zhou
Alpha Tauri: De Vries - Tsunoda
Haas: Magnussen - Schwartzman
Williams: Albon - Ricciardo https://t.co/GlKZSEfvti","this could work‚Ä¶

alpine gasly  ocon
alfa romeo bottas  zhou
alpha tauri de vries  tsunoda
haas magnussen  schwartzman
williams albon  ricciardo httpstcoglkzsefvti",0.0,0.0,neutral,"['this', 'could', 'work', 'alpine', 'gasly', 'ocon', 'alfa', 'romeo', 'bottas', 'zhou', 'alpha', 'tauri', 'de', 'vries', 'tsunoda', 'haas', 'magnussen', 'schwartzman', 'williams', 'albon', 'ricciardo', 'httpstcoglkzsefvti']","['could', 'work', 'alpine', 'gasly', 'ocon', 'alfa', 'romeo', 'bottas', 'zhou', 'alpha', 'tauri', 'de', 'vries', 'tsunoda', 'haas', 'magnussen', 'schwartzman', 'williams', 'albon', 'ricciardo', 'httpstcoglkzsefvti']","['could', 'work', 'alpin', 'gasli', 'ocon', 'alfa', 'romeo', 'botta', 'zhou', 'alpha', 'tauri', 'de', 'vri', 'tsunoda', 'haa', 'magnussen', 'schwartzman', 'william', 'albon', 'ricciardo', 'httpstcoglkzsefvti']"
41,@F1 @AlphaTauriF1 @yukitsunoda07 Breaking news Honda buy Yuki Tsnoda another year at Alpha Tauri F1. https://t.co/RcCGmUZNVe,f alphataurif yukitsunoda breaking news honda buy yuki tsnoda another year at alpha tauri f httpstcorccgmuznve,0.0,0.0,neutral,"['f', 'alphataurif', 'yukitsunoda', 'breaking', 'news', 'honda', 'buy', 'yuki', 'tsnoda', 'another', 'year', 'at', 'alpha', 'tauri', 'f', 'httpstcorccgmuznve']","['f', 'alphataurif', 'yukitsunoda', 'breaking', 'news', 'honda', 'buy', 'yuki', 'tsnoda', 'another', 'year', 'alpha', 'tauri', 'f', 'httpstcorccgmuznve']","['f', 'alphataurif', 'yukitsunoda', 'break', 'news', 'honda', 'buy', 'yuki', 'tsnoda', 'anoth', 'year', 'alpha', 'tauri', 'f', 'httpstcorccgmuznv']"
42,"@F1 Alpine - Gasly 
Alpha Tauri - Lawson 
Haas - Ricciardo 
Williams - Schumacher","f alpine  gasly 
alpha tauri  lawson 
haas  ricciardo 
williams  schumacher",0.0,0.0,neutral,"['f', 'alpine', 'gasly', 'alpha', 'tauri', 'lawson', 'haas', 'ricciardo', 'williams', 'schumacher']","['f', 'alpine', 'gasly', 'alpha', 'tauri', 'lawson', 'haas', 'ricciardo', 'williams', 'schumacher']","['f', 'alpin', 'gasli', 'alpha', 'tauri', 'lawson', 'haa', 'ricciardo', 'william', 'schumach']"
43,"@F1 So i think Gasly is going to Alpine, de Vries to Alpha Tauri. Ricciardo to Alfa or Haas and Mick Schumacher to Williams. The last seat maybe Zhou is staying at Alfa and Ricciardo to Haas.",f so i think gasly is going to alpine de vries to alpha tauri ricciardo to alfa or haas and mick schumacher to williams the last seat maybe zhou is staying at alfa and ricciardo to haas,0.0,0.06666666666666667,neutral,"['f', 'so', 'i', 'think', 'gasly', 'is', 'going', 'to', 'alpine', 'de', 'vries', 'to', 'alpha', 'tauri', 'ricciardo', 'to', 'alfa', 'or', 'haas', 'and', 'mick', 'schumacher', 'to', 'williams', 'the', 'last', 'seat', 'maybe', 'zhou', 'is', 'staying', 'at', 'alfa', 'and', 'ricciardo', 'to', 'haas']","['f', 'think', 'gasly', 'going', 'alpine', 'de', 'vries', 'alpha', 'tauri', 'ricciardo', 'alfa', 'haas', 'mick', 'schumacher', 'williams', 'last', 'seat', 'maybe', 'zhou', 'staying', 'alfa', 'ricciardo', 'haas']","['f', 'think', 'gasli', 'go', 'alpin', 'de', 'vri', 'alpha', 'tauri', 'ricciardo', 'alfa', 'haa', 'mick', 'schumach', 'william', 'last', 'seat', 'mayb', 'zhou', 'stay', 'alfa', 'ricciardo', 'haa']"
44,@F1__PS @formularacers_ Alpha Tauri is full already,fps formularacers alpha tauri is full already,0.35,0.55,neutral,"['fps', 'formularacers', 'alpha', 'tauri', 'is', 'full', 'already']","['fps', 'formularacers', 'alpha', 'tauri', 'full', 'already']","['fp', 'formularac', 'alpha', 'tauri', 'full', 'alreadi']"
45,"Probably for the best. Nice guy but wasn‚Äôt at the same level as most of the rest. He‚Äôs had a good three years. Will be interesting to now see who gets the vacant Williams seat: Daniel Ricciardo, Mick Schumacher, Logan Sargeant, Nyck de Vries if he doesn‚Äôt go to Alpha Tauri.üëäüèÅüèé https://t.co/7BM2IJyvMb",probably for the best nice guy but wasn‚Äôt at the same level as most of the rest he‚Äôs had a good three years will be interesting to now see who gets the vacant williams seat daniel ricciardo mick schumacher logan sargeant nyck de vries if he doesn‚Äôt go to alpha tauriüëäüèÅüèé httpstcobmijyvmb,0.5499999999999999,0.5041666666666668,positive,"['probably', 'for', 'the', 'best', 'nice', 'guy', 'but', 'wasn', 't', 'at', 'the', 'same', 'level', 'as', 'most', 'of', 'the', 'rest', 'he', 's', 'had', 'a', 'good', 'three', 'years', 'will', 'be', 'interesting', 'to', 'now', 'see', 'who', 'gets', 'the', 'vacant', 'williams', 'seat', 'daniel', 'ricciardo', 'mick', 'schumacher', 'logan', 'sargeant', 'nyck', 'de', 'vries', 'if', 'he', 'doesn', 't', 'go', 'to', 'alpha', 'tauri', 'httpstcobmijyvmb']","['probably', 'best', 'nice', 'guy', 'level', 'rest', 'good', 'three', 'years', 'interesting', 'see', 'gets', 'vacant', 'williams', 'seat', 'daniel', 'ricciardo', 'mick', 'schumacher', 'logan', 'sargeant', 'nyck', 'de', 'vries', 'go', 'alpha', 'tauri', 'httpstcobmijyvmb']","['probabl', 'best', 'nice', 'guy', 'level', 'rest', 'good', 'three', 'year', 'interest', 'see', 'get', 'vacant', 'william', 'seat', 'daniel', 'ricciardo', 'mick', 'schumach', 'logan', 'sargeant', 'nyck', 'de', 'vri', 'go', 'alpha', 'tauri', 'httpstcobmijyvmb']"
46,@Formula_Nerds @F1 Hope so don‚Äôt want him in the alpha tauri,formulanerds f hope so don‚Äôt want him in the alpha tauri,0.0,0.0,positive,"['formulanerds', 'f', 'hope', 'so', 'don', 't', 'want', 'him', 'in', 'the', 'alpha', 'tauri']","['formulanerds', 'f', 'hope', 'want', 'alpha', 'tauri']","['formulanerd', 'f', 'hope', 'want', 'alpha', 'tauri']"
47,"@F1 Zhou to Alfa Romeo
Gasly to Alpine
De Vries to Williams
Schumacher to Alpha Tauri
No idea about Haas","f zhou to alfa romeo
gasly to alpine
de vries to williams
schumacher to alpha tauri
no idea about haas",0.0,0.0,negative,"['f', 'zhou', 'to', 'alfa', 'romeo', 'gasly', 'to', 'alpine', 'de', 'vries', 'to', 'williams', 'schumacher', 'to', 'alpha', 'tauri', 'no', 'idea', 'about', 'haas']","['f', 'zhou', 'alfa', 'romeo', 'gasly', 'alpine', 'de', 'vries', 'williams', 'schumacher', 'alpha', 'tauri', 'idea', 'haas']","['f', 'zhou', 'alfa', 'romeo', 'gasli', 'alpin', 'de', 'vri', 'william', 'schumach', 'alpha', 'tauri', 'idea', 'haa']"
48,"@F1 Alfa: Zhou
Alpine: Gasly
Alpha Tauri: De Vries
Williams: Sargeant
Haas: Schumacher","f alfa zhou
alpine gasly
alpha tauri de vries
williams sargeant
haas schumacher",0.0,0.0,neutral,"['f', 'alfa', 'zhou', 'alpine', 'gasly', 'alpha', 'tauri', 'de', 'vries', 'williams', 'sargeant', 'haas', 'schumacher']","['f', 'alfa', 'zhou', 'alpine', 'gasly', 'alpha', 'tauri', 'de', 'vries', 'williams', 'sargeant', 'haas', 'schumacher']","['f', 'alfa', 'zhou', 'alpin', 'gasli', 'alpha', 'tauri', 'de', 'vri', 'william', 'sargeant', 'haa', 'schumach']"
49,"The music for a 2023 seat just got extended a little longer.

Side note, did Gasly get confirmed for Alpha Tauri? I thought he was trying to make a move away from them, with Alpine being the favorite. https://t.co/ZZszFtqePy","the music for a  seat just got extended a little longer

side note did gasly get confirmed for alpha tauri i thought he was trying to make a move away from them with alpine being the favorite httpstcozzszftqepy",0.23750000000000002,0.8333333333333334,positive,"['the', 'music', 'for', 'a', 'seat', 'just', 'got', 'extended', 'a', 'little', 'longer', 'side', 'note', 'did', 'gasly', 'get', 'confirmed', 'for', 'alpha', 'tauri', 'i', 'thought', 'he', 'was', 'trying', 'to', 'make', 'a', 'move', 'away', 'from', 'them', 'with', 'alpine', 'being', 'the', 'favorite', 'httpstcozzszftqepy']","['music', 'seat', 'got', 'extended', 'little', 'longer', 'side', 'note', 'gasly', 'get', 'confirmed', 'alpha', 'tauri', 'thought', 'trying', 'make', 'move', 'away', 'alpine', 'favorite', 'httpstcozzszftqepy']","['music', 'seat', 'got', 'extend', 'littl', 'longer', 'side', 'note', 'gasli', 'get', 'confirm', 'alpha', 'tauri', 'thought', 'tri', 'make', 'move', 'away', 'alpin', 'favorit', 'httpstcozzszftqepi']"
50,"Live #F1 News - Williams announce Nicholas Latifi departure after teammate Nyck de Vries‚Äô stunning debut performance ‚Äì but they may have lost the Dutchman to Alpha Tauri, with US driver Logan Sargent in the frame https://t.co/1xVMOSWkIh",live f news  williams announce nicholas latifi departure after teammate nyck de vries‚Äô stunning debut performance ‚Äì but they may have lost the dutchman to alpha tauri with us driver logan sargent in the frame httpstcoxvmoswkih,0.3181818181818182,0.75,negative,"['live', 'f', 'news', 'williams', 'announce', 'nicholas', 'latifi', 'departure', 'after', 'teammate', 'nyck', 'de', 'vries', 'stunning', 'debut', 'performance', 'but', 'they', 'may', 'have', 'lost', 'the', 'dutchman', 'to', 'alpha', 'tauri', 'with', 'us', 'driver', 'logan', 'sargent', 'in', 'the', 'frame', 'httpstcoxvmoswkih']","['live', 'f', 'news', 'williams', 'announce', 'nicholas', 'latifi', 'departure', 'teammate', 'nyck', 'de', 'vries', 'stunning', 'debut', 'performance', 'may', 'lost', 'dutchman', 'alpha', 'tauri', 'us', 'driver', 'logan', 'sargent', 'frame', 'httpstcoxvmoswkih']","['live', 'f', 'news', 'william', 'announc', 'nichola', 'latifi', 'departur', 'teammat', 'nyck', 'de', 'vri', 'stun', 'debut', 'perform', 'may', 'lost', 'dutchman', 'alpha', 'tauri', 'us', 'driver', 'logan', 'sargent', 'frame', 'httpstcoxvmoswkih']"
51,"Sometimes we still think about the Toro Rosso livery ü•∫

Which one do you prefer? Alpha Tauri or Toro Rosso? üëÄ

#F1 #RaceCrate https://t.co/uokn6TuUIe","sometimes we still think about the toro rosso livery ü•∫

which one do you prefer alpha tauri or toro rosso üëÄ

f racecrate httpstcouokntuuie",0.0,0.0,neutral,"['sometimes', 'we', 'still', 'think', 'about', 'the', 'toro', 'rosso', 'livery', 'which', 'one', 'do', 'you', 'prefer', 'alpha', 'tauri', 'or', 'toro', 'rosso', 'f', 'racecrate', 'httpstcouokntuuie']","['sometimes', 'still', 'think', 'toro', 'rosso', 'livery', 'one', 'prefer', 'alpha', 'tauri', 'toro', 'rosso', 'f', 'racecrate', 'httpstcouokntuuie']","['sometim', 'still', 'think', 'toro', 'rosso', 'liveri', 'one', 'prefer', 'alpha', 'tauri', 'toro', 'rosso', 'f', 'racecr', 'httpstcouokntuui']"
52,"No Goatifi in 2023.. 

My predictions are still on track. What are your predictions for the F1 seats in F1? 

My predictions: 
Gasly to Alpine
Mick to Williams 
De Vries to Alpha Tauri
Hulkenberg to Haas 
Zhou another year at Alfa Romeo","no goatifi in  

my predictions are still on track what are your predictions for the f seats in f 

my predictions 
gasly to alpine
mick to williams 
de vries to alpha tauri
hulkenberg to haas 
zhou another year at alfa romeo",0.0,0.0,negative,"['no', 'goatifi', 'in', 'my', 'predictions', 'are', 'still', 'on', 'track', 'what', 'are', 'your', 'predictions', 'for', 'the', 'f', 'seats', 'in', 'f', 'my', 'predictions', 'gasly', 'to', 'alpine', 'mick', 'to', 'williams', 'de', 'vries', 'to', 'alpha', 'tauri', 'hulkenberg', 'to', 'haas', 'zhou', 'another', 'year', 'at', 'alfa', 'romeo']","['goatifi', 'predictions', 'still', 'track', 'predictions', 'f', 'seats', 'f', 'predictions', 'gasly', 'alpine', 'mick', 'williams', 'de', 'vries', 'alpha', 'tauri', 'hulkenberg', 'haas', 'zhou', 'another', 'year', 'alfa', 'romeo']","['goatifi', 'predict', 'still', 'track', 'predict', 'f', 'seat', 'f', 'predict', 'gasli', 'alpin', 'mick', 'william', 'de', 'vri', 'alpha', 'tauri', 'hulkenberg', 'haa', 'zhou', 'anoth', 'year', 'alfa', 'romeo']"
53,"@ltd_f1 Indeed imo Nyck will go to Alpha Tauri, and Logan to Williams",ltdf indeed imo nyck will go to alpha tauri and logan to williams,0.0,0.0,neutral,"['ltdf', 'indeed', 'imo', 'nyck', 'will', 'go', 'to', 'alpha', 'tauri', 'and', 'logan', 'to', 'williams']","['ltdf', 'indeed', 'imo', 'nyck', 'go', 'alpha', 'tauri', 'logan', 'williams']","['ltdf', 'inde', 'imo', 'nyck', 'go', 'alpha', 'tauri', 'logan', 'william']"
54,"My colleague and I filled out the open F1 seats for next season:

Alpine - Pierre Gasly
Alpha Tauri - Nyck DeVries
Haas - Nico Hulkenberg
Williams - Daniel Ricciardo

Thoughts?","my colleague and i filled out the open f seats for next season

alpine  pierre gasly
alpha tauri  nyck devries
haas  nico hulkenberg
williams  daniel ricciardo

thoughts",0.13333333333333333,0.4666666666666666,neutral,"['my', 'colleague', 'and', 'i', 'filled', 'out', 'the', 'open', 'f', 'seats', 'for', 'next', 'season', 'alpine', 'pierre', 'gasly', 'alpha', 'tauri', 'nyck', 'devries', 'haas', 'nico', 'hulkenberg', 'williams', 'daniel', 'ricciardo', 'thoughts']","['colleague', 'filled', 'open', 'f', 'seats', 'next', 'season', 'alpine', 'pierre', 'gasly', 'alpha', 'tauri', 'nyck', 'devries', 'haas', 'nico', 'hulkenberg', 'williams', 'daniel', 'ricciardo', 'thoughts']","['colleagu', 'fill', 'open', 'f', 'seat', 'next', 'season', 'alpin', 'pierr', 'gasli', 'alpha', 'tauri', 'nyck', 'devri', 'haa', 'nico', 'hulkenberg', 'william', 'daniel', 'ricciardo', 'thought']"
55,@F1 De Vries will have to choose between Williams and Renault/Alpha Tauri.,f de vries will have to choose between williams and renaultalpha tauri,0.0,0.0,neutral,"['f', 'de', 'vries', 'will', 'have', 'to', 'choose', 'between', 'williams', 'and', 'renaultalpha', 'tauri']","['f', 'de', 'vries', 'choose', 'williams', 'renaultalpha', 'tauri']","['f', 'de', 'vri', 'choos', 'william', 'renaultalpha', 'tauri']"
56,@jankor87 @cynicaldzn @F1 Alpha Tauri have Gasly and Tsunoda confirmed for next year so that aint happening,jankor cynicaldzn f alpha tauri have gasly and tsunoda confirmed for next year so that aint happening,0.2,0.5,neutral,"['jankor', 'cynicaldzn', 'f', 'alpha', 'tauri', 'have', 'gasly', 'and', 'tsunoda', 'confirmed', 'for', 'next', 'year', 'so', 'that', 'aint', 'happening']","['jankor', 'cynicaldzn', 'f', 'alpha', 'tauri', 'gasly', 'tsunoda', 'confirmed', 'next', 'year', 'aint', 'happening']","['jankor', 'cynicaldzn', 'f', 'alpha', 'tauri', 'gasli', 'tsunoda', 'confirm', 'next', 'year', 'aint', 'happen']"
57,No surprises here. @nyckdevries to Williams or Alpha Tauri? https://t.co/VHadif4BAd,no surprises here nyckdevries to williams or alpha tauri httpstcovhadifbad,0.0,0.0,negative,"['no', 'surprises', 'here', 'nyckdevries', 'to', 'williams', 'or', 'alpha', 'tauri', 'httpstcovhadifbad']","['surprises', 'nyckdevries', 'williams', 'alpha', 'tauri', 'httpstcovhadifbad']","['surpris', 'nyckdevri', 'william', 'alpha', 'tauri', 'httpstcovhadifbad']"
58,@jankor87 @cynicaldzn @F1 Alpha tauri is full for next year,jankor cynicaldzn f alpha tauri is full for next year,0.175,0.275,neutral,"['jankor', 'cynicaldzn', 'f', 'alpha', 'tauri', 'is', 'full', 'for', 'next', 'year']","['jankor', 'cynicaldzn', 'f', 'alpha', 'tauri', 'full', 'next', 'year']","['jankor', 'cynicaldzn', 'f', 'alpha', 'tauri', 'full', 'next', 'year']"
59,"I‚Äôm gonna make a weird prediction with the driver moves I think will happen for F1 2023:

Nyck de Vries -&gt; Alpha Tauri

Pierre Gasly -&gt; Alpine

Ricciardo or H√ºlkenberg -&gt; Haas

Mick Schumacher -&gt; No idea tbh

Logan Sargeant -&gt; Williams

Nicholas Latifi -&gt; Free agent (CONFIRMED)","i‚Äôm gonna make a weird prediction with the driver moves i think will happen for f 

nyck de vries gt alpha tauri

pierre gasly gt alpine

ricciardo or h√ºlkenberg gt haas

mick schumacher gt no idea tbh

logan sargeant gt williams

nicholas latifi gt free agent confirmed",0.10000000000000002,0.9333333333333332,positive,"['i', 'm', 'gonna', 'make', 'a', 'weird', 'prediction', 'with', 'the', 'driver', 'moves', 'i', 'think', 'will', 'happen', 'for', 'f', 'nyck', 'de', 'vries', 'gt', 'alpha', 'tauri', 'pierre', 'gasly', 'gt', 'alpine', 'ricciardo', 'or', 'h√ºlkenberg', 'gt', 'haas', 'mick', 'schumacher', 'gt', 'no', 'idea', 'tbh', 'logan', 'sargeant', 'gt', 'williams', 'nicholas', 'latifi', 'gt', 'free', 'agent', 'confirmed']","['gonna', 'make', 'weird', 'prediction', 'driver', 'moves', 'think', 'happen', 'f', 'nyck', 'de', 'vries', 'gt', 'alpha', 'tauri', 'pierre', 'gasly', 'gt', 'alpine', 'ricciardo', 'h√ºlkenberg', 'gt', 'haas', 'mick', 'schumacher', 'gt', 'idea', 'tbh', 'logan', 'sargeant', 'gt', 'williams', 'nicholas', 'latifi', 'gt', 'free', 'agent', 'confirmed']","['gonna', 'make', 'weird', 'predict', 'driver', 'move', 'think', 'happen', 'f', 'nyck', 'de', 'vri', 'gt', 'alpha', 'tauri', 'pierr', 'gasli', 'gt', 'alpin', 'ricciardo', 'h√ºlkenberg', 'gt', 'haa', 'mick', 'schumach', 'gt', 'idea', 'tbh', 'logan', 'sargeant', 'gt', 'william', 'nichola', 'latifi', 'gt', 'free', 'agent', 'confirm']"
60,"üö®PODCASTüö®

Good Morning folks!

We are back again with another F1 News Roundup!

We discuss:

- Tsunoda stays with Alpha Tauri for 2023
- Alpine Driver Test
- Ricciardo‚Äôs F1 options for 2023
- F1 2023 Calendar controversy!

LINK - https://t.co/nNGWg5z61z

#F1 #Podcast #YouTube https://t.co/w5InXJN6ZC","üö®podcastüö®

good morning folks

we are back again with another f news roundup

we discuss

 tsunoda stays with alpha tauri for 
 alpine driver test
 ricciardo‚Äôs f options for 
 f  calendar controversy

link  httpstconngwgzz

f podcast youtube httpstcowinxjnzc",0.35,0.30000000000000004,positive,"['', 'podcast', 'good', 'morning', 'folks', 'we', 'are', 'back', 'again', 'with', 'another', 'f', 'news', 'roundup', 'we', 'discuss', 'tsunoda', 'stays', 'with', 'alpha', 'tauri', 'for', 'alpine', 'driver', 'test', 'ricciardo', 's', 'f', 'options', 'for', 'f', 'calendar', 'controversy', 'link', 'httpstconngwgzz', 'f', 'podcast', 'youtube', 'httpstcowinxjnzc']","['', 'podcast', 'good', 'morning', 'folks', 'back', 'another', 'f', 'news', 'roundup', 'discuss', 'tsunoda', 'stays', 'alpha', 'tauri', 'alpine', 'driver', 'test', 'ricciardo', 'f', 'options', 'f', 'calendar', 'controversy', 'link', 'httpstconngwgzz', 'f', 'podcast', 'youtube', 'httpstcowinxjnzc']","['', 'podcast', 'good', 'morn', 'folk', 'back', 'anoth', 'f', 'news', 'roundup', 'discuss', 'tsunoda', 'stay', 'alpha', 'tauri', 'alpin', 'driver', 'test', 'ricciardo', 'f', 'option', 'f', 'calendar', 'controversi', 'link', 'httpstconngwgzz', 'f', 'podcast', 'youtub', 'httpstcowinxjnzc']"
61,"Incase you missed it: Alpha Tauri have confirmed their young Japanese driver, Yuki Tsunoda, will remain with them for 2023 after two good seasons in Formula 1.
#F1 | #AlphaTauri https://t.co/lQpRH12tdC","incase you missed it alpha tauri have confirmed their young japanese driver yuki tsunoda will remain with them for  after two good seasons in formula 
f  alphatauri httpstcolqprhtdc",0.3,0.5,positive,"['incase', 'you', 'missed', 'it', 'alpha', 'tauri', 'have', 'confirmed', 'their', 'young', 'japanese', 'driver', 'yuki', 'tsunoda', 'will', 'remain', 'with', 'them', 'for', 'after', 'two', 'good', 'seasons', 'in', 'formula', 'f', 'alphatauri', 'httpstcolqprhtdc']","['incase', 'missed', 'alpha', 'tauri', 'confirmed', 'young', 'japanese', 'driver', 'yuki', 'tsunoda', 'remain', 'two', 'good', 'seasons', 'formula', 'f', 'alphatauri', 'httpstcolqprhtdc']","['incas', 'miss', 'alpha', 'tauri', 'confirm', 'young', 'japanes', 'driver', 'yuki', 'tsunoda', 'remain', 'two', 'good', 'season', 'formula', 'f', 'alphatauri', 'httpstcolqprhtdc']"
62,"@NicoRS99 @CarlossScience Forgot that Italy is a classic country of motorsport, Ferrari, alfa Romeo, alpha tauri, Minardi, Maserati, etc... Is understable 2 races in Italy...but 3 races in USA, without drive to survive you wouldn't know abaut F1",nicors carlossscience forgot that italy is a classic country of motorsport ferrari alfa romeo alpha tauri minardi maserati etc is understable  races in italybut  races in usa without drive to survive you wouldnt know abaut f,0.16666666666666666,0.16666666666666666,neutral,"['nicors', 'carlossscience', 'forgot', 'that', 'italy', 'is', 'a', 'classic', 'country', 'of', 'motorsport', 'ferrari', 'alfa', 'romeo', 'alpha', 'tauri', 'minardi', 'maserati', 'etc', 'is', 'understable', 'races', 'in', 'italybut', 'races', 'in', 'usa', 'without', 'drive', 'to', 'survive', 'you', 'wouldnt', 'know', 'abaut', 'f']","['nicors', 'carlossscience', 'forgot', 'italy', 'classic', 'country', 'motorsport', 'ferrari', 'alfa', 'romeo', 'alpha', 'tauri', 'minardi', 'maserati', 'etc', 'understable', 'races', 'italybut', 'races', 'usa', 'without', 'drive', 'survive', 'wouldnt', 'know', 'abaut', 'f']","['nicor', 'carlosssci', 'forgot', 'itali', 'classic', 'countri', 'motorsport', 'ferrari', 'alfa', 'romeo', 'alpha', 'tauri', 'minardi', 'maserati', 'etc', 'underst', 'race', 'italybut', 'race', 'usa', 'without', 'drive', 'surviv', 'wouldnt', 'know', 'abaut', 'f']"
63,"@happy_pipes @F1 @AlphaTauriF1 @yukitsunoda07 this year is the time he improved but masked by unreliable car and team error, slow pitstop, bad strategy. alpha tauri this year just bad. marko himself approved and saw his growth in pace. he literally got 10s and 4s pitstop. nothing much can be done with alpha tauri this year",happypipes f alphataurif yukitsunoda this year is the time he improved but masked by unreliable car and team error slow pitstop bad strategy alpha tauri this year just bad marko himself approved and saw his growth in pace he literally got s and s pitstop nothing much can be done with alpha tauri this year,-0.37499999999999994,0.48333333333333334,negative,"['happypipes', 'f', 'alphataurif', 'yukitsunoda', 'this', 'year', 'is', 'the', 'time', 'he', 'improved', 'but', 'masked', 'by', 'unreliable', 'car', 'and', 'team', 'error', 'slow', 'pitstop', 'bad', 'strategy', 'alpha', 'tauri', 'this', 'year', 'just', 'bad', 'marko', 'himself', 'approved', 'and', 'saw', 'his', 'growth', 'in', 'pace', 'he', 'literally', 'got', 's', 'and', 's', 'pitstop', 'nothing', 'much', 'can', 'be', 'done', 'with', 'alpha', 'tauri', 'this', 'year']","['happypipes', 'f', 'alphataurif', 'yukitsunoda', 'year', 'time', 'improved', 'masked', 'unreliable', 'car', 'team', 'error', 'slow', 'pitstop', 'bad', 'strategy', 'alpha', 'tauri', 'year', 'bad', 'marko', 'approved', 'saw', 'growth', 'pace', 'literally', 'got', 'pitstop', 'nothing', 'much', 'done', 'alpha', 'tauri', 'year']","['happypip', 'f', 'alphataurif', 'yukitsunoda', 'year', 'time', 'improv', 'mask', 'unreli', 'car', 'team', 'error', 'slow', 'pitstop', 'bad', 'strategi', 'alpha', 'tauri', 'year', 'bad', 'marko', 'approv', 'saw', 'growth', 'pace', 'liter', 'got', 'pitstop', 'noth', 'much', 'done', 'alpha', 'tauri', 'year']"
64,"https://t.co/kekLwx2ANk via @wearetherace

I think on the evidence from what we‚Äôve seen in the past 18 months, Yuki Tsunoda does deserve a third season at Alpha Tauri.

He still is very much a rough diamond but I‚Äôm absolutely convinced there‚Äôs enough speed and talent there.

#F1","httpstcokeklwxank via wearetherace

i think on the evidence from what we‚Äôve seen in the past  months yuki tsunoda does deserve a third season at alpha tauri

he still is very much a rough diamond but i‚Äôm absolutely convinced there‚Äôs enough speed and talent there

f",-0.029999999999999992,0.41,positive,"['httpstcokeklwxank', 'via', 'wearetherace', 'i', 'think', 'on', 'the', 'evidence', 'from', 'what', 'we', 've', 'seen', 'in', 'the', 'past', 'months', 'yuki', 'tsunoda', 'does', 'deserve', 'a', 'third', 'season', 'at', 'alpha', 'tauri', 'he', 'still', 'is', 'very', 'much', 'a', 'rough', 'diamond', 'but', 'i', 'm', 'absolutely', 'convinced', 'there', 's', 'enough', 'speed', 'and', 'talent', 'there', 'f']","['httpstcokeklwxank', 'via', 'wearetherace', 'think', 'evidence', 'seen', 'past', 'months', 'yuki', 'tsunoda', 'deserve', 'third', 'season', 'alpha', 'tauri', 'still', 'much', 'rough', 'diamond', 'absolutely', 'convinced', 'enough', 'speed', 'talent', 'f']","['httpstcokeklwxank', 'via', 'wearetherac', 'think', 'evid', 'seen', 'past', 'month', 'yuki', 'tsunoda', 'deserv', 'third', 'season', 'alpha', 'tauri', 'still', 'much', 'rough', 'diamond', 'absolut', 'convinc', 'enough', 'speed', 'talent', 'f']"
65,"https://t.co/1pHXhuWeew via @wearetherace

Williams, Alpine and Alpha Tauri are all interested in the services of Nyck de Vries for 2023.

He‚Äôs always been a driver I‚Äôve admired, but he‚Äôs never been given a proper chance in Formula 1 which now seems grossly unfair.

#F1","httpstcophxhuweew via wearetherace

williams alpine and alpha tauri are all interested in the services of nyck de vries for 

he‚Äôs always been a driver i‚Äôve admired but he‚Äôs never been given a proper chance in formula  which now seems grossly unfair

f",-0.08333333333333333,0.5333333333333333,neutral,"['httpstcophxhuweew', 'via', 'wearetherace', 'williams', 'alpine', 'and', 'alpha', 'tauri', 'are', 'all', 'interested', 'in', 'the', 'services', 'of', 'nyck', 'de', 'vries', 'for', 'he', 's', 'always', 'been', 'a', 'driver', 'i', 've', 'admired', 'but', 'he', 's', 'never', 'been', 'given', 'a', 'proper', 'chance', 'in', 'formula', 'which', 'now', 'seems', 'grossly', 'unfair', 'f']","['httpstcophxhuweew', 'via', 'wearetherace', 'williams', 'alpine', 'alpha', 'tauri', 'interested', 'services', 'nyck', 'de', 'vries', 'always', 'driver', 'admired', 'never', 'given', 'proper', 'chance', 'formula', 'seems', 'grossly', 'unfair', 'f']","['httpstcophxhuweew', 'via', 'wearetherac', 'william', 'alpin', 'alpha', 'tauri', 'interest', 'servic', 'nyck', 'de', 'vri', 'alway', 'driver', 'admir', 'never', 'given', 'proper', 'chanc', 'formula', 'seem', 'grossli', 'unfair', 'f']"
66,"Na this #F122Game is mad. I signed George Russell in my team and they replaced him with Tsunoda.
Tsunodas replacement at alpha tauri was verstappen , red bull then replaced  verstappen with leclerc! üòÇüòÇ #f1 #f122","na this fgame is mad i signed george russell in my team and they replaced him with tsunoda
tsunodas replacement at alpha tauri was verstappen  red bull then replaced  verstappen with leclerc üòÇüòÇ f f",-0.3125,0.5,negative,"['na', 'this', 'fgame', 'is', 'mad', 'i', 'signed', 'george', 'russell', 'in', 'my', 'team', 'and', 'they', 'replaced', 'him', 'with', 'tsunoda', 'tsunodas', 'replacement', 'at', 'alpha', 'tauri', 'was', 'verstappen', 'red', 'bull', 'then', 'replaced', 'verstappen', 'with', 'leclerc', 'f', 'f']","['na', 'fgame', 'mad', 'signed', 'george', 'russell', 'team', 'replaced', 'tsunoda', 'tsunodas', 'replacement', 'alpha', 'tauri', 'verstappen', 'red', 'bull', 'replaced', 'verstappen', 'leclerc', 'f', 'f']","['na', 'fgame', 'mad', 'sign', 'georg', 'russel', 'team', 'replac', 'tsunoda', 'tsunoda', 'replac', 'alpha', 'tauri', 'verstappen', 'red', 'bull', 'replac', 'verstappen', 'leclerc', 'f', 'f']"
67,Yuki Tsunoda will remain in the Alpha Tauri F1 team in 2023[https://t.co/pqb7kIATo0] ~ World Today¬†News https://t.co/S11bPIP1Cg,yuki tsunoda will remain in the alpha tauri f team in httpstcopqbkiato  world today¬†news httpstcosbpipcg,0.0,0.0,neutral,"['yuki', 'tsunoda', 'will', 'remain', 'in', 'the', 'alpha', 'tauri', 'f', 'team', 'in', 'httpstcopqbkiato', 'world', 'today', 'news', 'httpstcosbpipcg']","['yuki', 'tsunoda', 'remain', 'alpha', 'tauri', 'f', 'team', 'httpstcopqbkiato', 'world', 'today', 'news', 'httpstcosbpipcg']","['yuki', 'tsunoda', 'remain', 'alpha', 'tauri', 'f', 'team', 'httpstcopqbkiato', 'world', 'today', 'news', 'httpstcosbpipcg']"
68,"Rumor: de Vries to take Gasly‚Äôs seat at AlphaTauri - https://t.co/omDy2Hk0ZH
Our sources say that before the Singapore GP, Pierre Gasly will be announced as being signed by the Alpine F1 team, and Nyck de Vries will be announced as Gasly‚Äôs replacement at Alpha Tauri.
Last Upd... https://t.co/04xXH9dmn0","rumor de vries to take gasly‚Äôs seat at alphatauri  httpstcoomdyhkzh
our sources say that before the singapore gp pierre gasly will be announced as being signed by the alpine f team and nyck de vries will be announced as gasly‚Äôs replacement at alpha tauri
last upd httpstcoxxhdmn",0.0,0.06666666666666667,neutral,"['rumor', 'de', 'vries', 'to', 'take', 'gasly', 's', 'seat', 'at', 'alphatauri', 'httpstcoomdyhkzh', 'our', 'sources', 'say', 'that', 'before', 'the', 'singapore', 'gp', 'pierre', 'gasly', 'will', 'be', 'announced', 'as', 'being', 'signed', 'by', 'the', 'alpine', 'f', 'team', 'and', 'nyck', 'de', 'vries', 'will', 'be', 'announced', 'as', 'gasly', 's', 'replacement', 'at', 'alpha', 'tauri', 'last', 'upd', 'httpstcoxxhdmn']","['rumor', 'de', 'vries', 'take', 'gasly', 'seat', 'alphatauri', 'httpstcoomdyhkzh', 'sources', 'say', 'singapore', 'gp', 'pierre', 'gasly', 'announced', 'signed', 'alpine', 'f', 'team', 'nyck', 'de', 'vries', 'announced', 'gasly', 'replacement', 'alpha', 'tauri', 'last', 'upd', 'httpstcoxxhdmn']","['rumor', 'de', 'vri', 'take', 'gasli', 'seat', 'alphatauri', 'httpstcoomdyhkzh', 'sourc', 'say', 'singapor', 'gp', 'pierr', 'gasli', 'announc', 'sign', 'alpin', 'f', 'team', 'nyck', 'de', 'vri', 'announc', 'gasli', 'replac', 'alpha', 'tauri', 'last', 'upd', 'httpstcoxxhdmn']"
69,"So the latest F1 gossip suggest De Vries to Alpha Tauri, Gasly to Alpine and Latifi SOMEHOW still having a seat next year.",so the latest f gossip suggest de vries to alpha tauri gasly to alpine and latifi somehow still having a seat next year,0.25,0.45,negative,"['so', 'the', 'latest', 'f', 'gossip', 'suggest', 'de', 'vries', 'to', 'alpha', 'tauri', 'gasly', 'to', 'alpine', 'and', 'latifi', 'somehow', 'still', 'having', 'a', 'seat', 'next', 'year']","['latest', 'f', 'gossip', 'suggest', 'de', 'vries', 'alpha', 'tauri', 'gasly', 'alpine', 'latifi', 'somehow', 'still', 'seat', 'next', 'year']","['latest', 'f', 'gossip', 'suggest', 'de', 'vri', 'alpha', 'tauri', 'gasli', 'alpin', 'latifi', 'somehow', 'still', 'seat', 'next', 'year']"
70,"Happy for Yuki Tsunoda, he deserved to be retained by Alpha Tauri. Big question is who is going to be his teammate? Personally I hope Pierre Gasly joins Alpine. Maybe Nyck de Vries or Colton Herta (looking less likely for the latter now) to Alpha Tauri.üëäüôåüèéüèÅüáØüáµ https://t.co/3g9688igfc",happy for yuki tsunoda he deserved to be retained by alpha tauri big question is who is going to be his teammate personally i hope pierre gasly joins alpine maybe nyck de vries or colton herta looking less likely for the latter now to alpha tauriüëäüôåüèéüèÅüáØüáµ httpstcogigfc,0.10555555555555557,0.41111111111111115,positive,"['happy', 'for', 'yuki', 'tsunoda', 'he', 'deserved', 'to', 'be', 'retained', 'by', 'alpha', 'tauri', 'big', 'question', 'is', 'who', 'is', 'going', 'to', 'be', 'his', 'teammate', 'personally', 'i', 'hope', 'pierre', 'gasly', 'joins', 'alpine', 'maybe', 'nyck', 'de', 'vries', 'or', 'colton', 'herta', 'looking', 'less', 'likely', 'for', 'the', 'latter', 'now', 'to', 'alpha', 'tauri', 'httpstcogigfc']","['happy', 'yuki', 'tsunoda', 'deserved', 'retained', 'alpha', 'tauri', 'big', 'question', 'going', 'teammate', 'personally', 'hope', 'pierre', 'gasly', 'joins', 'alpine', 'maybe', 'nyck', 'de', 'vries', 'colton', 'herta', 'looking', 'less', 'likely', 'latter', 'alpha', 'tauri', 'httpstcogigfc']","['happi', 'yuki', 'tsunoda', 'deserv', 'retain', 'alpha', 'tauri', 'big', 'question', 'go', 'teammat', 'person', 'hope', 'pierr', 'gasli', 'join', 'alpin', 'mayb', 'nyck', 'de', 'vri', 'colton', 'herta', 'look', 'less', 'like', 'latter', 'alpha', 'tauri', 'httpstcogigfc']"
71,"Alpha Tauri announce that Yuki Tsunoda will be staying with the team for 2023! Is this the right move?

#F1 #Tsunoda #AlphaTauri #RedBull","alpha tauri announce that yuki tsunoda will be staying with the team for  is this the right move

f tsunoda alphatauri redbull",0.2857142857142857,0.5357142857142857,neutral,"['alpha', 'tauri', 'announce', 'that', 'yuki', 'tsunoda', 'will', 'be', 'staying', 'with', 'the', 'team', 'for', 'is', 'this', 'the', 'right', 'move', 'f', 'tsunoda', 'alphatauri', 'redbull']","['alpha', 'tauri', 'announce', 'yuki', 'tsunoda', 'staying', 'team', 'right', 'move', 'f', 'tsunoda', 'alphatauri', 'redbull']","['alpha', 'tauri', 'announc', 'yuki', 'tsunoda', 'stay', 'team', 'right', 'move', 'f', 'tsunoda', 'alphatauri', 'redbul']"
72,"Yuki back at Alpha Tauri for 2023.

Um, this isn‚Äôt the right decision. He‚Äôs struggled this year and hasn‚Äôt been outperforming Gasly. 

If he can‚Äôt take the next step up next year, he‚Äôll be out. https://t.co/MnrBhLU8DU","yuki back at alpha tauri for 

um this isn‚Äôt the right decision he‚Äôs struggled this year and hasn‚Äôt been outperforming gasly 

if he can‚Äôt take the next step up next year he‚Äôll be out httpstcomnrbhludu",0.07142857142857142,0.13392857142857142,negative,"['yuki', 'back', 'at', 'alpha', 'tauri', 'for', 'um', 'this', 'isn', 't', 'the', 'right', 'decision', 'he', 's', 'struggled', 'this', 'year', 'and', 'hasn', 't', 'been', 'outperforming', 'gasly', 'if', 'he', 'can', 't', 'take', 'the', 'next', 'step', 'up', 'next', 'year', 'he', 'll', 'be', 'out', 'httpstcomnrbhludu']","['yuki', 'back', 'alpha', 'tauri', 'um', 'right', 'decision', 'struggled', 'year', 'outperforming', 'gasly', 'take', 'next', 'step', 'next', 'year', 'httpstcomnrbhludu']","['yuki', 'back', 'alpha', 'tauri', 'um', 'right', 'decis', 'struggl', 'year', 'outperform', 'gasli', 'take', 'next', 'step', 'next', 'year', 'httpstcomnrbhludu']"
73,"Staying put! ü§ù‚úçÔ∏è

Yuki Tsunoda will remain at Alpha Tauri for the 2023 F1 season.

#BBCF1","staying put ü§ù‚úçÔ∏è

yuki tsunoda will remain at alpha tauri for the  f season

bbcf",0.0,0.0,neutral,"['staying', 'put', 'yuki', 'tsunoda', 'will', 'remain', 'at', 'alpha', 'tauri', 'for', 'the', 'f', 'season', 'bbcf']","['staying', 'put', 'yuki', 'tsunoda', 'remain', 'alpha', 'tauri', 'f', 'season', 'bbcf']","['stay', 'put', 'yuki', 'tsunoda', 'remain', 'alpha', 'tauri', 'f', 'season', 'bbcf']"
74,"@AlphaTauriF1 @yukitsunoda07 I can‚Äôt see what keeping him for another year achieves .. he won‚Äôt be promoted to the main team .. I personally think the alpha tauri project needs a fresh approach , f1 is much healthier now and redbull could sell up and make a good profit",alphataurif yukitsunoda i can‚Äôt see what keeping him for another year achieves  he won‚Äôt be promoted to the main team  i personally think the alpha tauri project needs a fresh approach  f is much healthier now and redbull could sell up and make a good profit,0.2733333333333333,0.38666666666666666,positive,"['alphataurif', 'yukitsunoda', 'i', 'can', 't', 'see', 'what', 'keeping', 'him', 'for', 'another', 'year', 'achieves', 'he', 'won', 't', 'be', 'promoted', 'to', 'the', 'main', 'team', 'i', 'personally', 'think', 'the', 'alpha', 'tauri', 'project', 'needs', 'a', 'fresh', 'approach', 'f', 'is', 'much', 'healthier', 'now', 'and', 'redbull', 'could', 'sell', 'up', 'and', 'make', 'a', 'good', 'profit']","['alphataurif', 'yukitsunoda', 'see', 'keeping', 'another', 'year', 'achieves', 'promoted', 'main', 'team', 'personally', 'think', 'alpha', 'tauri', 'project', 'needs', 'fresh', 'approach', 'f', 'much', 'healthier', 'redbull', 'could', 'sell', 'make', 'good', 'profit']","['alphataurif', 'yukitsunoda', 'see', 'keep', 'anoth', 'year', 'achiev', 'promot', 'main', 'team', 'person', 'think', 'alpha', 'tauri', 'project', 'need', 'fresh', 'approach', 'f', 'much', 'healthier', 'redbul', 'could', 'sell', 'make', 'good', 'profit']"
75,"@AndyGraham22 Albon and De Vries is the lineup I am thinking rn would be the worst, if that happens. Or De Vries and Tsunoda if that's Alpha Tauri. 

It's not about Albon bad though it's Albon decent but alongside bad driver (f1 terms) whilst Mag and Hulk are both decent imo","andygraham albon and de vries is the lineup i am thinking rn would be the worst if that happens or de vries and tsunoda if thats alpha tauri 

its not about albon bad though its albon decent but alongside bad driver f terms whilst mag and hulk are both decent imo",-0.4133333333333333,0.7333333333333332,positive,"['andygraham', 'albon', 'and', 'de', 'vries', 'is', 'the', 'lineup', 'i', 'am', 'thinking', 'rn', 'would', 'be', 'the', 'worst', 'if', 'that', 'happens', 'or', 'de', 'vries', 'and', 'tsunoda', 'if', 'thats', 'alpha', 'tauri', 'its', 'not', 'about', 'albon', 'bad', 'though', 'its', 'albon', 'decent', 'but', 'alongside', 'bad', 'driver', 'f', 'terms', 'whilst', 'mag', 'and', 'hulk', 'are', 'both', 'decent', 'imo']","['andygraham', 'albon', 'de', 'vries', 'lineup', 'thinking', 'rn', 'would', 'worst', 'happens', 'de', 'vries', 'tsunoda', 'thats', 'alpha', 'tauri', 'albon', 'bad', 'though', 'albon', 'decent', 'alongside', 'bad', 'driver', 'f', 'terms', 'whilst', 'mag', 'hulk', 'decent', 'imo']","['andygraham', 'albon', 'de', 'vri', 'lineup', 'think', 'rn', 'would', 'worst', 'happen', 'de', 'vri', 'tsunoda', 'that', 'alpha', 'tauri', 'albon', 'bad', 'though', 'albon', 'decent', 'alongsid', 'bad', 'driver', 'f', 'term', 'whilst', 'mag', 'hulk', 'decent', 'imo']"
76,"And they continue together!
Yuki Tsunoda settling into his second year in Formula 1 has been confirmed a third season as well with the Alpha Tauri team, giving him time for more immense development! https://t.co/eOyuiVeT50","and they continue together
yuki tsunoda settling into his second year in formula  has been confirmed a third season as well with the alpha tauri team giving him time for more immense development httpstcoeoyuivet",0.18,0.5,positive,"['and', 'they', 'continue', 'together', 'yuki', 'tsunoda', 'settling', 'into', 'his', 'second', 'year', 'in', 'formula', 'has', 'been', 'confirmed', 'a', 'third', 'season', 'as', 'well', 'with', 'the', 'alpha', 'tauri', 'team', 'giving', 'him', 'time', 'for', 'more', 'immense', 'development', 'httpstcoeoyuivet']","['continue', 'together', 'yuki', 'tsunoda', 'settling', 'second', 'year', 'formula', 'confirmed', 'third', 'season', 'well', 'alpha', 'tauri', 'team', 'giving', 'time', 'immense', 'development', 'httpstcoeoyuivet']","['continu', 'togeth', 'yuki', 'tsunoda', 'settl', 'second', 'year', 'formula', 'confirm', 'third', 'season', 'well', 'alpha', 'tauri', 'team', 'give', 'time', 'immens', 'develop', 'httpstcoeoyuivet']"
77,"YUKI STAYING ON ALPHA TAURI!! 

i wonder what this means for Gasly?!? https://t.co/BVdm0B65yH","yuki staying on alpha tauri 

i wonder what this means for gasly httpstcobvdmbyh",0.0,0.0,neutral,"['yuki', 'staying', 'on', 'alpha', 'tauri', 'i', 'wonder', 'what', 'this', 'means', 'for', 'gasly', 'httpstcobvdmbyh']","['yuki', 'staying', 'alpha', 'tauri', 'wonder', 'means', 'gasly', 'httpstcobvdmbyh']","['yuki', 'stay', 'alpha', 'tauri', 'wonder', 'mean', 'gasli', 'httpstcobvdmbyh']"
78,Japanese Yuki Tsunoda will remain at Red Bull's Alpha Tauri team for a third season in 2023. (@BBCSport) #F1 #sevenbybs,japanese yuki tsunoda will remain at red bulls alpha tauri team for a third season in  bbcsport f sevenbybs,0.0,0.0,neutral,"['japanese', 'yuki', 'tsunoda', 'will', 'remain', 'at', 'red', 'bulls', 'alpha', 'tauri', 'team', 'for', 'a', 'third', 'season', 'in', 'bbcsport', 'f', 'sevenbybs']","['japanese', 'yuki', 'tsunoda', 'remain', 'red', 'bulls', 'alpha', 'tauri', 'team', 'third', 'season', 'bbcsport', 'f', 'sevenbybs']","['japanes', 'yuki', 'tsunoda', 'remain', 'red', 'bull', 'alpha', 'tauri', 'team', 'third', 'season', 'bbcsport', 'f', 'sevenbyb']"
79,#F1 #SingaporeGP | Tsunoda is confirmed at Alpha Tauri for 2023. The question remains who will be his teammate? https://t.co/cY20cLQi4w,f singaporegp  tsunoda is confirmed at alpha tauri for  the question remains who will be his teammate httpstcocyclqiw,0.4,1.0,neutral,"['f', 'singaporegp', 'tsunoda', 'is', 'confirmed', 'at', 'alpha', 'tauri', 'for', 'the', 'question', 'remains', 'who', 'will', 'be', 'his', 'teammate', 'httpstcocyclqiw']","['f', 'singaporegp', 'tsunoda', 'confirmed', 'alpha', 'tauri', 'question', 'remains', 'teammate', 'httpstcocyclqiw']","['f', 'singaporegp', 'tsunoda', 'confirm', 'alpha', 'tauri', 'question', 'remain', 'teammat', 'httpstcocyclqiw']"
80,"@_steve_o_ @F1 @AlphaTauriF1 @yukitsunoda07 @PierreGASLY Alpha Tauri have De Vries ,Schumacher, Giovinazzi.. they have many candidats.  Tauri are a low midfield team, and there are many midfield drivers on the market, replacing Gasly will not be difficult. And Gasly deserves to leave for a better team after all he has done for Tauri",steveo f alphataurif yukitsunoda pierregasly alpha tauri have de vries schumacher giovinazzi they have many candidats  tauri are a low midfield team and there are many midfield drivers on the market replacing gasly will not be difficult and gasly deserves to leave for a better team after all he has done for tauri,0.2,0.5599999999999999,positive,"['steveo', 'f', 'alphataurif', 'yukitsunoda', 'pierregasly', 'alpha', 'tauri', 'have', 'de', 'vries', 'schumacher', 'giovinazzi', 'they', 'have', 'many', 'candidats', 'tauri', 'are', 'a', 'low', 'midfield', 'team', 'and', 'there', 'are', 'many', 'midfield', 'drivers', 'on', 'the', 'market', 'replacing', 'gasly', 'will', 'not', 'be', 'difficult', 'and', 'gasly', 'deserves', 'to', 'leave', 'for', 'a', 'better', 'team', 'after', 'all', 'he', 'has', 'done', 'for', 'tauri']","['steveo', 'f', 'alphataurif', 'yukitsunoda', 'pierregasly', 'alpha', 'tauri', 'de', 'vries', 'schumacher', 'giovinazzi', 'many', 'candidats', 'tauri', 'low', 'midfield', 'team', 'many', 'midfield', 'drivers', 'market', 'replacing', 'gasly', 'difficult', 'gasly', 'deserves', 'leave', 'better', 'team', 'done', 'tauri']","['steveo', 'f', 'alphataurif', 'yukitsunoda', 'pierregasli', 'alpha', 'tauri', 'de', 'vri', 'schumach', 'giovinazzi', 'mani', 'candidat', 'tauri', 'low', 'midfield', 'team', 'mani', 'midfield', 'driver', 'market', 'replac', 'gasli', 'difficult', 'gasli', 'deserv', 'leav', 'better', 'team', 'done', 'tauri']"
81,"Yuki Tsunoda will be back on track next year with Alpha Tauriüèé

The question is, who will be joining him at the Italian team next year?ü§î 

Read the full story:

https://t.co/ogtns2nLKy

#f1 #formula1 #F12022 #yukitsunoda","yuki tsunoda will be back on track next year with alpha tauriüèé

the question is who will be joining him at the italian team next yearü§î 

read the full story

httpstcoogtnsnlky

f formula f yukitsunoda",0.06999999999999999,0.11000000000000001,neutral,"['yuki', 'tsunoda', 'will', 'be', 'back', 'on', 'track', 'next', 'year', 'with', 'alpha', 'tauri', 'the', 'question', 'is', 'who', 'will', 'be', 'joining', 'him', 'at', 'the', 'italian', 'team', 'next', 'year', 'read', 'the', 'full', 'story', 'httpstcoogtnsnlky', 'f', 'formula', 'f', 'yukitsunoda']","['yuki', 'tsunoda', 'back', 'track', 'next', 'year', 'alpha', 'tauri', 'question', 'joining', 'italian', 'team', 'next', 'year', 'read', 'full', 'story', 'httpstcoogtnsnlky', 'f', 'formula', 'f', 'yukitsunoda']","['yuki', 'tsunoda', 'back', 'track', 'next', 'year', 'alpha', 'tauri', 'question', 'join', 'italian', 'team', 'next', 'year', 'read', 'full', 'stori', 'httpstcoogtnsnlki', 'f', 'formula', 'f', 'yukitsunoda']"
82,@FormulaOneNews Yuki Tsunoda confirmed by Alpha Tauri to remain on their driver line-up for the 2023 season. #F1,formulaonenews yuki tsunoda confirmed by alpha tauri to remain on their driver lineup for the  season f,0.4,1.0,neutral,"['formulaonenews', 'yuki', 'tsunoda', 'confirmed', 'by', 'alpha', 'tauri', 'to', 'remain', 'on', 'their', 'driver', 'lineup', 'for', 'the', 'season', 'f']","['formulaonenews', 'yuki', 'tsunoda', 'confirmed', 'alpha', 'tauri', 'remain', 'driver', 'lineup', 'season', 'f']","['formulaonenew', 'yuki', 'tsunoda', 'confirm', 'alpha', 'tauri', 'remain', 'driver', 'lineup', 'season', 'f']"
83,"Yuki Tsunoda is the deserving choice for Alpha Tauri for next season, says the boss! üôåüèª

#F1 #YukiTsunoda #AlphaTauri https://t.co/GjSTT0lYYm","yuki tsunoda is the deserving choice for alpha tauri for next season says the boss üôåüèª

f yukitsunoda alphatauri httpstcogjsttlyym",0.3,0.4,neutral,"['yuki', 'tsunoda', 'is', 'the', 'deserving', 'choice', 'for', 'alpha', 'tauri', 'for', 'next', 'season', 'says', 'the', 'boss', 'f', 'yukitsunoda', 'alphatauri', 'httpstcogjsttlyym']","['yuki', 'tsunoda', 'deserving', 'choice', 'alpha', 'tauri', 'next', 'season', 'says', 'boss', 'f', 'yukitsunoda', 'alphatauri', 'httpstcogjsttlyym']","['yuki', 'tsunoda', 'deserv', 'choic', 'alpha', 'tauri', 'next', 'season', 'say', 'boss', 'f', 'yukitsunoda', 'alphatauri', 'httpstcogjsttlyym']"
84,@F1 @AlphaTauriF1 @yukitsunoda07 Finance officer at Alpha Tauri right now. https://t.co/IX8R2qgo3z,f alphataurif yukitsunoda finance officer at alpha tauri right now httpstcoixrqgoz,0.2857142857142857,0.5357142857142857,neutral,"['f', 'alphataurif', 'yukitsunoda', 'finance', 'officer', 'at', 'alpha', 'tauri', 'right', 'now', 'httpstcoixrqgoz']","['f', 'alphataurif', 'yukitsunoda', 'finance', 'officer', 'alpha', 'tauri', 'right', 'httpstcoixrqgoz']","['f', 'alphataurif', 'yukitsunoda', 'financ', 'offic', 'alpha', 'tauri', 'right', 'httpstcoixrqgoz']"
85,"Yuki driver number 22, Alpha Tauri announces his stay on 22nd September, 2022. I like it.
#F1 https://t.co/cQgweQsp3k","yuki driver number  alpha tauri announces his stay on nd september  i like it
f httpstcocqgweqspk",0.0,0.0,positive,"['yuki', 'driver', 'number', 'alpha', 'tauri', 'announces', 'his', 'stay', 'on', 'nd', 'september', 'i', 'like', 'it', 'f', 'httpstcocqgweqspk']","['yuki', 'driver', 'number', 'alpha', 'tauri', 'announces', 'stay', 'nd', 'september', 'like', 'f', 'httpstcocqgweqspk']","['yuki', 'driver', 'number', 'alpha', 'tauri', 'announc', 'stay', 'nd', 'septemb', 'like', 'f', 'httpstcocqgweqspk']"
86,"Let's go! Yuki Tsunoda is a massive talent who, in hindsight, probably needed an extra year in F2 to ease his F1 transition, but Franz Tost and Alpha Tauri have been fantastic in developing him after the jump, and let's hope 2023 is the year he finally fulfils his potential. https://t.co/rTdMGiY1pB",lets go yuki tsunoda is a massive talent who in hindsight probably needed an extra year in f to ease his f transition but franz tost and alpha tauri have been fantastic in developing him after the jump and lets hope  is the year he finally fulfils his potential httpstcortdmgiypb,0.08,0.8,positive,"['lets', 'go', 'yuki', 'tsunoda', 'is', 'a', 'massive', 'talent', 'who', 'in', 'hindsight', 'probably', 'needed', 'an', 'extra', 'year', 'in', 'f', 'to', 'ease', 'his', 'f', 'transition', 'but', 'franz', 'tost', 'and', 'alpha', 'tauri', 'have', 'been', 'fantastic', 'in', 'developing', 'him', 'after', 'the', 'jump', 'and', 'lets', 'hope', 'is', 'the', 'year', 'he', 'finally', 'fulfils', 'his', 'potential', 'httpstcortdmgiypb']","['lets', 'go', 'yuki', 'tsunoda', 'massive', 'talent', 'hindsight', 'probably', 'needed', 'extra', 'year', 'f', 'ease', 'f', 'transition', 'franz', 'tost', 'alpha', 'tauri', 'fantastic', 'developing', 'jump', 'lets', 'hope', 'year', 'finally', 'fulfils', 'potential', 'httpstcortdmgiypb']","['let', 'go', 'yuki', 'tsunoda', 'massiv', 'talent', 'hindsight', 'probabl', 'need', 'extra', 'year', 'f', 'eas', 'f', 'transit', 'franz', 'tost', 'alpha', 'tauri', 'fantast', 'develop', 'jump', 'let', 'hope', 'year', 'final', 'fulfil', 'potenti', 'httpstcortdmgiypb']"
87,Japanese Yuki Tsunoda will remain at Red Bull's Alpha Tauri team for a third season in 2023. https://t.co/VXik4czAaS  üèé üèÅ #f1 #formula1 https://t.co/sPuseGDCc1,japanese yuki tsunoda will remain at red bulls alpha tauri team for a third season in  httpstcovxikczaas  üèé üèÅ f formula httpstcospusegdcc,0.0,0.0,neutral,"['japanese', 'yuki', 'tsunoda', 'will', 'remain', 'at', 'red', 'bulls', 'alpha', 'tauri', 'team', 'for', 'a', 'third', 'season', 'in', 'httpstcovxikczaas', 'f', 'formula', 'httpstcospusegdcc']","['japanese', 'yuki', 'tsunoda', 'remain', 'red', 'bulls', 'alpha', 'tauri', 'team', 'third', 'season', 'httpstcovxikczaas', 'f', 'formula', 'httpstcospusegdcc']","['japanes', 'yuki', 'tsunoda', 'remain', 'red', 'bull', 'alpha', 'tauri', 'team', 'third', 'season', 'httpstcovxikczaa', 'f', 'formula', 'httpstcospusegdcc']"
88,@F1 @AlphaTauriF1 @yukitsunoda07 Breaking! Alpha Tauri decide to keep their little pocket rocket.,f alphataurif yukitsunoda breaking alpha tauri decide to keep their little pocket rocket,-0.1875,0.5,neutral,"['f', 'alphataurif', 'yukitsunoda', 'breaking', 'alpha', 'tauri', 'decide', 'to', 'keep', 'their', 'little', 'pocket', 'rocket']","['f', 'alphataurif', 'yukitsunoda', 'breaking', 'alpha', 'tauri', 'decide', 'keep', 'little', 'pocket', 'rocket']","['f', 'alphataurif', 'yukitsunoda', 'break', 'alpha', 'tauri', 'decid', 'keep', 'littl', 'pocket', 'rocket']"
89,"Also talks with De Vries with Alpine and Williams. So De Vries very much in the driving seat here. He has options. Mostly likely will be Alpha Tauri, with Williams as his back up. Believe Alpine are strong on Gasly #f1 #f12023 #f1twt",also talks with de vries with alpine and williams so de vries very much in the driving seat here he has options mostly likely will be alpha tauri with williams as his back up believe alpine are strong on gasly f f ftwt,0.17333333333333334,0.4983333333333333,positive,"['also', 'talks', 'with', 'de', 'vries', 'with', 'alpine', 'and', 'williams', 'so', 'de', 'vries', 'very', 'much', 'in', 'the', 'driving', 'seat', 'here', 'he', 'has', 'options', 'mostly', 'likely', 'will', 'be', 'alpha', 'tauri', 'with', 'williams', 'as', 'his', 'back', 'up', 'believe', 'alpine', 'are', 'strong', 'on', 'gasly', 'f', 'f', 'ftwt']","['also', 'talks', 'de', 'vries', 'alpine', 'williams', 'de', 'vries', 'much', 'driving', 'seat', 'options', 'mostly', 'likely', 'alpha', 'tauri', 'williams', 'back', 'believe', 'alpine', 'strong', 'gasly', 'f', 'f', 'ftwt']","['also', 'talk', 'de', 'vri', 'alpin', 'william', 'de', 'vri', 'much', 'drive', 'seat', 'option', 'mostli', 'like', 'alpha', 'tauri', 'william', 'back', 'believ', 'alpin', 'strong', 'gasli', 'f', 'f', 'ftwt']"
90,Alpha Tauri working hard on the second seat. Looks like FIA won‚Äôt fudge points for Herta. But are now in talks with De Vries after his great drive last race weekend. Gasly could still get his move to Alpine #f1 #f12022 #f12023 #f1twt,alpha tauri working hard on the second seat looks like fia won‚Äôt fudge points for herta but are now in talks with de vries after his great drive last race weekend gasly could still get his move to alpine f f f ftwt,0.12708333333333333,0.3395833333333333,positive,"['alpha', 'tauri', 'working', 'hard', 'on', 'the', 'second', 'seat', 'looks', 'like', 'fia', 'won', 't', 'fudge', 'points', 'for', 'herta', 'but', 'are', 'now', 'in', 'talks', 'with', 'de', 'vries', 'after', 'his', 'great', 'drive', 'last', 'race', 'weekend', 'gasly', 'could', 'still', 'get', 'his', 'move', 'to', 'alpine', 'f', 'f', 'f', 'ftwt']","['alpha', 'tauri', 'working', 'hard', 'second', 'seat', 'looks', 'like', 'fia', 'fudge', 'points', 'herta', 'talks', 'de', 'vries', 'great', 'drive', 'last', 'race', 'weekend', 'gasly', 'could', 'still', 'get', 'move', 'alpine', 'f', 'f', 'f', 'ftwt']","['alpha', 'tauri', 'work', 'hard', 'second', 'seat', 'look', 'like', 'fia', 'fudg', 'point', 'herta', 'talk', 'de', 'vri', 'great', 'drive', 'last', 'race', 'weekend', 'gasli', 'could', 'still', 'get', 'move', 'alpin', 'f', 'f', 'f', 'ftwt']"
91,"Yuki at Alpha Tauri for 2023 confirmed! ü•≥

How does that line up with your F1 Manager save? https://t.co/vFr1EtOzk7","yuki at alpha tauri for  confirmed ü•≥

how does that line up with your f manager save httpstcovfretozk",0.4,1.0,positive,"['yuki', 'at', 'alpha', 'tauri', 'for', 'confirmed', 'how', 'does', 'that', 'line', 'up', 'with', 'your', 'f', 'manager', 'save', 'httpstcovfretozk']","['yuki', 'alpha', 'tauri', 'confirmed', 'line', 'f', 'manager', 'save', 'httpstcovfretozk']","['yuki', 'alpha', 'tauri', 'confirm', 'line', 'f', 'manag', 'save', 'httpstcovfretozk']"
92,Alpha Tauri announce Yuki Tsunoda will remain with the team for the 2023 F1 season https://t.co/hsqmLy8fI0,alpha tauri announce yuki tsunoda will remain with the team for the  f season httpstcohsqmlyfi,0.0,0.0,neutral,"['alpha', 'tauri', 'announce', 'yuki', 'tsunoda', 'will', 'remain', 'with', 'the', 'team', 'for', 'the', 'f', 'season', 'httpstcohsqmlyfi']","['alpha', 'tauri', 'announce', 'yuki', 'tsunoda', 'remain', 'team', 'f', 'season', 'httpstcohsqmlyfi']","['alpha', 'tauri', 'announc', 'yuki', 'tsunoda', 'remain', 'team', 'f', 'season', 'httpstcohsqmlyfi']"
93,Alpha Tauri have announced that Yuki Tsunoda will remain with the team for the 2023 #F1 season. https://t.co/2lgHuvB475,alpha tauri have announced that yuki tsunoda will remain with the team for the  f season httpstcolghuvb,0.0,0.0,neutral,"['alpha', 'tauri', 'have', 'announced', 'that', 'yuki', 'tsunoda', 'will', 'remain', 'with', 'the', 'team', 'for', 'the', 'f', 'season', 'httpstcolghuvb']","['alpha', 'tauri', 'announced', 'yuki', 'tsunoda', 'remain', 'team', 'f', 'season', 'httpstcolghuvb']","['alpha', 'tauri', 'announc', 'yuki', 'tsunoda', 'remain', 'team', 'f', 'season', 'httpstcolghuvb']"
94,Yuki extended at Alpha Tauri until the end of 2023 #f1 ü§©,yuki extended at alpha tauri until the end of  f ü§©,0.0,0.0,neutral,"['yuki', 'extended', 'at', 'alpha', 'tauri', 'until', 'the', 'end', 'of', 'f', '']","['yuki', 'extended', 'alpha', 'tauri', 'end', 'f', '']","['yuki', 'extend', 'alpha', 'tauri', 'end', 'f', '']"
95,"Alpha Tauri have announced that Yuki Tsunoda will remain with the team for the 2023 F1 season üëá

https://t.co/Qi6O1PDe4h","alpha tauri have announced that yuki tsunoda will remain with the team for the  f season üëá

httpstcoqiopdeh",0.0,0.0,neutral,"['alpha', 'tauri', 'have', 'announced', 'that', 'yuki', 'tsunoda', 'will', 'remain', 'with', 'the', 'team', 'for', 'the', 'f', 'season', 'httpstcoqiopdeh']","['alpha', 'tauri', 'announced', 'yuki', 'tsunoda', 'remain', 'team', 'f', 'season', 'httpstcoqiopdeh']","['alpha', 'tauri', 'announc', 'yuki', 'tsunoda', 'remain', 'team', 'f', 'season', 'httpstcoqiopdeh']"
96,"üö®BREAKINGüö®
It's official! Yuki Tsunoda stays with Alpha Tauri for 2023.
#F1 #AlphaTauri #Tsunoda","üö®breakingüö®
its official yuki tsunoda stays with alpha tauri for 
f alphatauri tsunoda",0.0,0.0,neutral,"['', 'breaking', 'its', 'official', 'yuki', 'tsunoda', 'stays', 'with', 'alpha', 'tauri', 'for', 'f', 'alphatauri', 'tsunoda']","['', 'breaking', 'official', 'yuki', 'tsunoda', 'stays', 'alpha', 'tauri', 'f', 'alphatauri', 'tsunoda']","['', 'break', 'offici', 'yuki', 'tsunoda', 'stay', 'alpha', 'tauri', 'f', 'alphatauri', 'tsunoda']"
97,@Vigillancer @marcuhagg @F1 @AlphaTauriF1 @yukitsunoda07 Barely pay attention to the top 6 anymore tbh. Love seeing the midfield battle and how teams like Alpha Tauri compete with others,vigillancer marcuhagg f alphataurif yukitsunoda barely pay attention to the top  anymore tbh love seeing the midfield battle and how teams like alpha tauri compete with others,0.35000000000000003,0.39999999999999997,positive,"['vigillancer', 'marcuhagg', 'f', 'alphataurif', 'yukitsunoda', 'barely', 'pay', 'attention', 'to', 'the', 'top', 'anymore', 'tbh', 'love', 'seeing', 'the', 'midfield', 'battle', 'and', 'how', 'teams', 'like', 'alpha', 'tauri', 'compete', 'with', 'others']","['vigillancer', 'marcuhagg', 'f', 'alphataurif', 'yukitsunoda', 'barely', 'pay', 'attention', 'top', 'anymore', 'tbh', 'love', 'seeing', 'midfield', 'battle', 'teams', 'like', 'alpha', 'tauri', 'compete', 'others']","['vigillanc', 'marcuhagg', 'f', 'alphataurif', 'yukitsunoda', 'bare', 'pay', 'attent', 'top', 'anymor', 'tbh', 'love', 'see', 'midfield', 'battl', 'team', 'like', 'alpha', 'tauri', 'compet', 'other']"
98,Live #F1 News - Yuki Tsunoda to remain with Alpha Tauri for 2023 season https://t.co/Rb8LQ9lmr3,live f news  yuki tsunoda to remain with alpha tauri for  season httpstcorblqlmr,0.13636363636363635,0.5,neutral,"['live', 'f', 'news', 'yuki', 'tsunoda', 'to', 'remain', 'with', 'alpha', 'tauri', 'for', 'season', 'httpstcorblqlmr']","['live', 'f', 'news', 'yuki', 'tsunoda', 'remain', 'alpha', 'tauri', 'season', 'httpstcorblqlmr']","['live', 'f', 'news', 'yuki', 'tsunoda', 'remain', 'alpha', 'tauri', 'season', 'httpstcorblqlmr']"
99,Alpha Tauri announce Yuki Tsunoda will remain with the team for the 2023 F1 season https://t.co/KVSjzyFA1U,alpha tauri announce yuki tsunoda will remain with the team for the  f season httpstcokvsjzyfau,0.0,0.0,neutral,"['alpha', 'tauri', 'announce', 'yuki', 'tsunoda', 'will', 'remain', 'with', 'the', 'team', 'for', 'the', 'f', 'season', 'httpstcokvsjzyfau']","['alpha', 'tauri', 'announce', 'yuki', 'tsunoda', 'remain', 'team', 'f', 'season', 'httpstcokvsjzyfau']","['alpha', 'tauri', 'announc', 'yuki', 'tsunoda', 'remain', 'team', 'f', 'season', 'httpstcokvsjzyfau']"
100,"@DewiPreece1 And don‚Äôt forget our very own @LiamLawson30 who‚Äôs very much in the Red Bull picture so a good chance to step into the F1 limelight with Alpha Tauri, after impressing recently in Spa.",dewipreece and don‚Äôt forget our very own liamlawson who‚Äôs very much in the red bull picture so a good chance to step into the f limelight with alpha tauri after impressing recently in spa,0.348,0.42200000000000004,positive,"['dewipreece', 'and', 'don', 't', 'forget', 'our', 'very', 'own', 'liamlawson', 'who', 's', 'very', 'much', 'in', 'the', 'red', 'bull', 'picture', 'so', 'a', 'good', 'chance', 'to', 'step', 'into', 'the', 'f', 'limelight', 'with', 'alpha', 'tauri', 'after', 'impressing', 'recently', 'in', 'spa']","['dewipreece', 'forget', 'liamlawson', 'much', 'red', 'bull', 'picture', 'good', 'chance', 'step', 'f', 'limelight', 'alpha', 'tauri', 'impressing', 'recently', 'spa']","['dewipreec', 'forget', 'liamlawson', 'much', 'red', 'bull', 'pictur', 'good', 'chanc', 'step', 'f', 'limelight', 'alpha', 'tauri', 'impress', 'recent', 'spa']"
101,"**BREAKING**

Yuki Tsunoda stays with @AlphaTauriF1 for the 2023 @F1 season. 

He's impressed team bosses with his progress in his 2 seasons.
It remains to be seen who his team-mate will be, will it be @PierreGASLY?

Congratulations, Yuki üáØüáµ 

#F1 #AlphaTauri Tsunoda Alpha Tauri https://t.co/mKS8GXivsC","breaking

yuki tsunoda stays with alphataurif for the  f season 

hes impressed team bosses with his progress in his  seasons
it remains to be seen who his teammate will be will it be pierregasly

congratulations yuki üáØüáµ 

f alphatauri tsunoda alpha tauri httpstcomksgxivsc",1.0,1.0,positive,"['breaking', 'yuki', 'tsunoda', 'stays', 'with', 'alphataurif', 'for', 'the', 'f', 'season', 'hes', 'impressed', 'team', 'bosses', 'with', 'his', 'progress', 'in', 'his', 'seasons', 'it', 'remains', 'to', 'be', 'seen', 'who', 'his', 'teammate', 'will', 'be', 'will', 'it', 'be', 'pierregasly', 'congratulations', 'yuki', 'f', 'alphatauri', 'tsunoda', 'alpha', 'tauri', 'httpstcomksgxivsc']","['breaking', 'yuki', 'tsunoda', 'stays', 'alphataurif', 'f', 'season', 'hes', 'impressed', 'team', 'bosses', 'progress', 'seasons', 'remains', 'seen', 'teammate', 'pierregasly', 'congratulations', 'yuki', 'f', 'alphatauri', 'tsunoda', 'alpha', 'tauri', 'httpstcomksgxivsc']","['break', 'yuki', 'tsunoda', 'stay', 'alphataurif', 'f', 'season', 'he', 'impress', 'team', 'boss', 'progress', 'season', 'remain', 'seen', 'teammat', 'pierregasli', 'congratul', 'yuki', 'f', 'alphatauri', 'tsunoda', 'alpha', 'tauri', 'httpstcomksgxivsc']"
102,"Latest #F1 news... F1 News: Yuki Tsunoda will continue with Alpha Tauri in 2023
More details here:
https://t.co/iYhTWNEpc0","latest f news f news yuki tsunoda will continue with alpha tauri in 
more details here
httpstcoiyhtwnepc",0.5,0.7,neutral,"['latest', 'f', 'news', 'f', 'news', 'yuki', 'tsunoda', 'will', 'continue', 'with', 'alpha', 'tauri', 'in', 'more', 'details', 'here', 'httpstcoiyhtwnepc']","['latest', 'f', 'news', 'f', 'news', 'yuki', 'tsunoda', 'continue', 'alpha', 'tauri', 'details', 'httpstcoiyhtwnepc']","['latest', 'f', 'news', 'f', 'news', 'yuki', 'tsunoda', 'continu', 'alpha', 'tauri', 'detail', 'httpstcoiyhtwnepc']"
103,Yuki Tsunoda has had his contract extended with the team and will drive for Alpha Tauri in 2023. #F1,yuki tsunoda has had his contract extended with the team and will drive for alpha tauri in  f,0.0,0.0,neutral,"['yuki', 'tsunoda', 'has', 'had', 'his', 'contract', 'extended', 'with', 'the', 'team', 'and', 'will', 'drive', 'for', 'alpha', 'tauri', 'in', 'f']","['yuki', 'tsunoda', 'contract', 'extended', 'team', 'drive', 'alpha', 'tauri', 'f']","['yuki', 'tsunoda', 'contract', 'extend', 'team', 'drive', 'alpha', 'tauri', 'f']"
104,Why is alpha tauri persisting with Yuki??? https://t.co/otsWr8vJgD,why is alpha tauri persisting with yuki httpstcootswrvjgd,0.0,0.0,neutral,"['why', 'is', 'alpha', 'tauri', 'persisting', 'with', 'yuki', 'httpstcootswrvjgd']","['alpha', 'tauri', 'persisting', 'yuki', 'httpstcootswrvjgd']","['alpha', 'tauri', 'persist', 'yuki', 'httpstcootswrvjgd']"
105,"Alpha Tauri confirm that Yuki Tsunoda will continue to race for the team in 2023 

#F1 https://t.co/6uh0RfFnRZ","alpha tauri confirm that yuki tsunoda will continue to race for the team in  

f httpstcouhrffnrz",0.0,0.0,neutral,"['alpha', 'tauri', 'confirm', 'that', 'yuki', 'tsunoda', 'will', 'continue', 'to', 'race', 'for', 'the', 'team', 'in', 'f', 'httpstcouhrffnrz']","['alpha', 'tauri', 'confirm', 'yuki', 'tsunoda', 'continue', 'race', 'team', 'f', 'httpstcouhrffnrz']","['alpha', 'tauri', 'confirm', 'yuki', 'tsunoda', 'continu', 'race', 'team', 'f', 'httpstcouhrffnrz']"
